,Datetime,open,low,high,close,24 period ATR,Short.,Long.,enter_long,exit_long,enter_short,exit_short
0,2022-11-13 12:00:00+00:00,1240.88037109375,1238.6842041015625,1240.88037109375,1238.6842041015625,,,,0,0,0,0
1,2022-11-13 12:15:00+00:00,1238.4310302734375,1236.9881591796875,1238.701904296875,1236.9881591796875,,,,0,0,0,0
2,2022-11-13 12:30:00+00:00,1237.221435546875,1237.018310546875,1238.4049072265625,1237.533203125,,,,0,0,0,0
3,2022-11-13 12:45:00+00:00,1237.8291015625,1237.8291015625,1239.8587646484375,1238.786865234375,,,,0,0,0,0
4,2022-11-13 13:00:00+00:00,1238.052734375,1235.6702880859375,1238.052734375,1237.40966796875,,,,0,0,0,0
5,2022-11-13 13:15:00+00:00,1237.483154296875,1236.7528076171875,1238.8206787109375,1236.7528076171875,,,,0,0,0,0
6,2022-11-13 13:30:00+00:00,1236.298828125,1235.4779052734375,1243.0408935546875,1243.0408935546875,,,,0,0,0,0
7,2022-11-13 13:45:00+00:00,1243.114501953125,1240.53125,1243.114501953125,1240.53125,,,,0,0,0,0
8,2022-11-13 14:00:00+00:00,1240.60302734375,1240.54150390625,1243.2340087890625,1243.159912109375,,,,0,0,0,0
9,2022-11-13 14:15:00+00:00,1243.177978515625,1238.677978515625,1243.177978515625,1238.677978515625,,,,0,0,0,0
10,2022-11-13 14:30:00+00:00,1238.5738525390625,1237.796875,1239.72705078125,1238.4393310546875,,,,0,0,0,0
11,2022-11-13 14:45:00+00:00,1238.0966796875,1237.981689453125,1239.4901123046875,1239.16943359375,,,,0,0,0,0
12,2022-11-13 15:00:00+00:00,1239.01318359375,1236.6488037109375,1239.864501953125,1236.6488037109375,,,,0,0,0,0
13,2022-11-13 15:15:00+00:00,1236.7330322265625,1229.2471923828125,1237.6119384765625,1230.365966796875,,,,0,0,0,0
14,2022-11-13 15:30:00+00:00,1230.61669921875,1229.9117431640625,1233.146240234375,1233.146240234375,,,,0,0,0,0
15,2022-11-13 15:45:00+00:00,1233.2314453125,1230.774658203125,1233.830810546875,1231.2242431640625,,,,0,0,0,0
16,2022-11-13 16:00:00+00:00,1231.347412109375,1230.2130126953125,1231.4937744140625,1230.3458251953125,,,,0,0,0,0
17,2022-11-13 16:15:00+00:00,1230.2779541015625,1228.1661376953125,1230.2779541015625,1228.962890625,,,,0,0,0,0
18,2022-11-13 16:30:00+00:00,1229.3453369140625,1228.537109375,1231.5263671875,1229.1878662109375,,,,0,0,0,0
19,2022-11-13 16:45:00+00:00,1229.4610595703125,1229.4610595703125,1234.243896484375,1233.1461181640625,,,,0,0,0,0
20,2022-11-13 17:00:00+00:00,1233.0989990234375,1229.76806640625,1233.0989990234375,1229.76806640625,,,,0,0,0,0
21,2022-11-13 17:15:00+00:00,1229.2139892578125,1224.52099609375,1229.2139892578125,1226.54931640625,,,,0,0,0,0
22,2022-11-13 17:30:00+00:00,1226.266845703125,1223.1922607421875,1227.30859375,1227.30859375,,,,0,0,0,0
23,2022-11-13 17:45:00+00:00,1227.1376953125,1227.1376953125,1228.1246337890625,1228.0328369140625,3.1970621744791665,1233.1222034801137,1233.3040660511363,0,0,0,0
24,2022-11-13 18:00:00+00:00,1228.0037841796875,1227.7667236328125,1229.3360595703125,1227.7667236328125,3.1709442138671875,1233.1430109197443,1233.2832586115057,0,0,0,0
25,2022-11-13 18:15:00+00:00,1227.7061767578125,1222.035400390625,1227.7061767578125,1222.035400390625,3.338343302408854,1232.4505726207387,1232.8188365589488,0,0,0,0
26,2022-11-13 18:30:00+00:00,1221.522705078125,1219.3507080078125,1221.53466796875,1221.53466796875,3.39117431640625,1229.7069868607955,1232.8777299360795,0,0,0,0
27,2022-11-13 18:45:00+00:00,1221.5787353515625,1221.5787353515625,1223.1031494140625,1223.1031494140625,3.3596293131510415,1229.6388882723722,1232.9458285245028,0,0,0,0
28,2022-11-13 19:00:00+00:00,1223.7481689453125,1223.703857421875,1225.958251953125,1224.0284423828125,3.3487345377604165,1228.996903852983,1233.587812943892,0,0,0,0
29,2022-11-13 19:15:00+00:00,1223.815185546875,1223.7330322265625,1228.539306640625,1228.539306640625,3.462834676106771,1229.3000432794745,1233.2846735174005,0,0,0,0
30,2022-11-13 19:30:00+00:00,1228.2301025390625,1228.125244140625,1228.9468994140625,1228.9468994140625,3.18194580078125,1229.0435291637075,1233.5411876331675,0,0,0,0
31,2022-11-13 19:45:00+00:00,1228.6478271484375,1227.7725830078125,1228.9969482421875,1228.035888671875,3.1253255208333335,1228.5968516956675,1233.9878651012075,0,0,0,0
32,2022-11-13 20:00:00+00:00,1228.251220703125,1226.79541015625,1229.6483154296875,1229.42724609375,3.1315816243489585,1228.7226784446023,1233.8060080788352,1,0,0,1
33,2022-11-13 20:15:00+00:00,1228.665283203125,1227.427001953125,1229.128662109375,1227.427001953125,3.0274251302083335,1228.78974498402,1230.4254649769175,0,0,0,0
34,2022-11-13 20:30:00+00:00,1227.9632568359375,1227.9632568359375,1229.0093994140625,1228.63720703125,3.012934366861979,1228.567022150213,1230.6481878107245,1,0,0,1
35,2022-11-13 20:45:00+00:00,1228.0645751953125,1220.98583984375,1228.0645751953125,1220.98583984375,3.268890380859375,1228.4697432084517,1230.7454667524858,0,0,0,0
36,2022-11-13 21:00:00+00:00,1220.8165283203125,1208.52099609375,1220.8165283203125,1211.353759765625,3.654271443684896,1218.8987149325285,1227.234219637784,0,0,0,0
37,2022-11-13 21:15:00+00:00,1210.6602783203125,1208.9202880859375,1213.7130126953125,1213.418701171875,3.505437215169271,1219.1355202414773,1223.6293723366477,0,0,0,0
38,2022-11-13 21:30:00+00:00,1213.5572509765625,1213.130126953125,1225.76513671875,1225.76513671875,3.897125244140625,1220.6838267933238,1222.0810657848012,1,0,0,1
39,2022-11-13 21:45:00+00:00,1225.4879150390625,1218.8353271484375,1225.4879150390625,1218.8353271484375,4.0585276285807295,1221.3315707120028,1221.4333218661222,0,1,1,0
40,2022-11-13 22:00:00+00:00,1218.7841796875,1216.91650390625,1220.3328857421875,1220.3328857421875,4.147511800130208,1221.389814897017,1221.375077681108,0,0,0,0
41,2022-11-13 22:15:00+00:00,1220.3323974609375,1219.9385986328125,1222.1507568359375,1222.1507568359375,4.14886474609375,1221.0020141601562,1221.7628784179688,1,0,0,1
42,2022-11-13 22:30:00+00:00,1222.1265869140625,1222.1265869140625,1224.6907958984375,1224.6907958984375,4.131154378255208,1220.891035600142,1221.873856977983,0,0,0,0
43,2022-11-13 22:45:00+00:00,1224.8143310546875,1224.7425537109375,1227.6490478515625,1227.464111328125,4.0437469482421875,1220.5789240056818,1221.0410711115057,0,0,0,0
44,2022-11-13 23:00:00+00:00,1226.8665771484375,1222.2559814453125,1226.8665771484375,1222.2559814453125,4.1200002034505205,1220.7278053977273,1217.4415061257102,0,0,0,0
45,2022-11-13 23:15:00+00:00,1222.0848388671875,1220.16845703125,1223.775146484375,1222.9228515625,4.0516510009765625,1221.0850441672585,1217.084267356179,0,0,0,0
46,2022-11-13 23:30:00+00:00,1222.910400390625,1220.6461181640625,1223.3739013671875,1221.0631103515625,3.9937947591145835,1221.2430142489347,1216.9262972745028,0,0,0,0
47,2022-11-13 23:45:00+00:00,1220.366455078125,1219.83447265625,1222.693603515625,1222.6788330078125,4.0718027750651045,1220.8513516512785,1217.317959872159,1,0,0,1
48,2022-11-14 00:00:00+00:00,1221.8955078125,1220.940673828125,1225.1456298828125,1225.0108642578125,4.181620279947917,1221.0586603338068,1217.1106511896307,0,0,0,0
49,2022-11-14 00:15:00+00:00,1225.0167236328125,1206.43798828125,1226.428466796875,1206.43798828125,4.7757517496744795,1221.487743030895,1214.5985606800425,0,1,1,0
50,2022-11-14 00:30:00+00:00,1207.6396484375,1204.2138671875,1211.5579833984375,1211.5579833984375,4.9698944091796875,1219.8757601651278,1213.9864224520597,0,0,0,0
51,2022-11-14 00:45:00+00:00,1211.35986328125,1207.616455078125,1211.35986328125,1207.802734375,5.0687713623046875,1219.7578402432528,1214.1043423739347,0,0,0,0
52,2022-11-14 01:00:00+00:00,1207.61767578125,1205.2476806640625,1209.6514892578125,1205.2476806640625,5.13330078125,1220.2463156960227,1213.6158669211648,0,0,0,0
53,2022-11-14 01:15:00+00:00,1204.4202880859375,1199.9635009765625,1204.4202880859375,1200.041259765625,5.1532135009765625,1216.549560546875,1213.062255859375,0,0,0,0
54,2022-11-14 01:30:00+00:00,1199.8836669921875,1189.494140625,1199.8836669921875,1189.494140625,5.558441162109375,1207.1294111772017,1212.0130448774858,0,0,0,0
55,2022-11-14 01:45:00+00:00,1188.32666015625,1184.6583251953125,1189.890380859375,1189.890380859375,5.7254282633463545,1202.734297318892,1211.572343306108,0,0,0,0
56,2022-11-14 02:00:00+00:00,1189.8525390625,1178.5059814453125,1190.4002685546875,1178.5059814453125,6.102152506510417,1197.9881203391335,1209.646523215554,0,0,0,0
57,2022-11-14 02:15:00+00:00,1179.0211181640625,1178.4290771484375,1184.43408203125,1184.43408203125,6.2690175374348955,1197.6867120916193,1209.7517644708807,0,0,0,0
58,2022-11-14 02:30:00+00:00,1184.1546630859375,1183.9697265625,1186.36865234375,1186.36865234375,6.30303955078125,1196.3140869140625,1210.1795654296875,0,0,0,0
59,2022-11-14 02:45:00+00:00,1186.611572265625,1184.2291259765625,1186.9176025390625,1185.466552734375,6.09625244140625,1196.0271439985795,1210.0509810014205,0,0,0,0
60,2022-11-14 03:00:00+00:00,1187.25830078125,1187.25830078125,1191.4832763671875,1189.48583984375,5.8275807698567705,1195.1246504350142,1210.9534745649858,0,0,0,0
61,2022-11-14 03:15:00+00:00,1189.407958984375,1188.633544921875,1192.1776123046875,1192.1776123046875,5.775553385416667,1194.662958318537,1211.415166681463,0,0,0,0
62,2022-11-14 03:30:00+00:00,1192.2698974609375,1192.2698974609375,1194.41455078125,1194.41455078125,5.3423004150390625,1194.5021251331675,1211.5759998668325,0,0,0,0
63,2022-11-14 03:45:00+00:00,1193.788818359375,1192.894287109375,1195.1534423828125,1192.90283203125,5.1476898193359375,1194.5085338245738,1211.5695911754262,0,0,0,0
64,2022-11-14 04:00:00+00:00,1192.966064453125,1191.3365478515625,1192.966064453125,1191.3372802734375,5.0732371012369795,1194.3810757723722,1211.6970492276278,0,0,0,0
65,2022-11-14 04:15:00+00:00,1191.310302734375,1182.89208984375,1191.310302734375,1184.5447998046875,5.33294677734375,1195.1292946555398,1210.9488303444602,0,0,0,0
66,2022-11-14 04:30:00+00:00,1184.351318359375,1180.053466796875,1185.730712890625,1180.053466796875,5.462656656901042,1195.1932650479403,1210.8848599520597,0,0,0,0
67,2022-11-14 04:45:00+00:00,1180.219482421875,1178.7369384765625,1182.9228515625,1182.9228515625,5.5138092041015625,1195.2722500887785,1210.0234042080965,0,0,0,0
68,2022-11-14 05:00:00+00:00,1183.36083984375,1183.36083984375,1185.69384765625,1185.4417724609375,5.412261962890625,1195.2781427556818,1209.5794011896307,0,0,0,0
69,2022-11-14 05:15:00+00:00,1185.2032470703125,1185.2032470703125,1187.2860107421875,1186.3333740234375,5.348765055338542,1195.172274502841,1209.6852694424715,0,0,0,0
70,2022-11-14 05:30:00+00:00,1185.893310546875,1180.449951171875,1185.9146728515625,1180.449951171875,5.4802500406901045,1195.4011563387785,1209.456387606534,0,0,0,0
71,2022-11-14 05:45:00+00:00,1179.74951171875,1179.102294921875,1182.6617431640625,1182.02587890625,5.509429931640625,1193.1605613014915,1211.696982643821,0,0,0,0
72,2022-11-14 06:00:00+00:00,1182.0013427734375,1181.549560546875,1183.3448486328125,1181.560791015625,5.409027099609375,1192.4039029208097,1212.4536410245028,0,0,0,0
73,2022-11-14 06:15:00+00:00,1180.7421875,1179.713623046875,1182.58984375,1182.4639892578125,4.695933024088542,1192.258633700284,1197.728426846591,0,0,0,0
74,2022-11-14 06:30:00+00:00,1182.9378662109375,1182.9378662109375,1201.4205322265625,1201.4205322265625,5.1797841389973955,1194.2430974786932,1195.5458429509943,1,0,0,1
75,2022-11-14 06:45:00+00:00,1206.833740234375,1206.833740234375,1228.4610595703125,1228.4610595703125,6.142242431640625,1197.209872159091,1209.680264559659,0,0,0,0
76,2022-11-14 07:00:00+00:00,1231.93017578125,1229.49560546875,1233.8719482421875,1230.4273681640625,6.1842041015625,1196.5094770951705,1215.7915482954545,0,0,0,0
77,2022-11-14 07:15:00+00:00,1230.8897705078125,1226.7479248046875,1241.1873779296875,1241.1873779296875,6.565673828125,1197.7650312943892,1221.8514237837358,0,0,0,0
78,2022-11-14 07:30:00+00:00,1242.9432373046875,1242.9432373046875,1252.4151611328125,1251.0689697265625,6.594034830729167,1197.6741443980825,1233.1700938831675,0,0,0,0
79,2022-11-14 07:45:00+00:00,1250.3092041015625,1249.706787109375,1254.144287109375,1254.00439453125,6.5609283447265625,1197.4603937322443,1235.1129705255682,0,0,0,0
80,2022-11-14 08:00:00+00:00,1255.036865234375,1255.036865234375,1266.53173828125,1266.53173828125,6.5873057047526045,1198.8415416370738,1246.1192737926137,0,0,0,0
81,2022-11-14 08:15:00+00:00,1265.91552734375,1263.2777099609375,1267.477783203125,1263.6585693359375,6.5121002197265625,1199.3555297851562,1246.8591918945312,0,0,0,0
82,2022-11-14 08:30:00+00:00,1263.1934814453125,1258.6141357421875,1263.841796875,1261.0194091796875,6.629964192708333,1199.247930353338,1246.9667913263495,0,0,0,0
83,2022-11-14 08:45:00+00:00,1260.99462890625,1259.7509765625,1261.742919921875,1261.742919921875,6.600941975911458,1199.0362770774148,1247.1784446022727,0,0,0,0
84,2022-11-14 09:00:00+00:00,1261.286865234375,1254.734375,1261.286865234375,1255.3206787109375,6.6422678629557295,1199.6869506835938,1246.5277709960938,0,0,0,0
85,2022-11-14 09:15:00+00:00,1255.545654296875,1253.96142578125,1257.824462890625,1257.803466796875,6.655558268229167,1199.9056618430398,1246.3090598366477,0,0,0,0
86,2022-11-14 09:30:00+00:00,1257.8291015625,1257.734619140625,1260.27685546875,1260.27685546875,6.6682790120442705,1200.0301236239347,1246.1845980557528,0,0,0,0
87,2022-11-14 09:45:00+00:00,1260.6790771484375,1259.66845703125,1261.49755859375,1259.66845703125,6.650360107421875,1199.1279296875,1247.0867919921875,0,0,0,0
88,2022-11-14 10:00:00+00:00,1258.6597900390625,1255.832763671875,1258.6597900390625,1255.847412109375,6.7422841389973955,1198.8768088600852,1247.3379128196023,0,0,0,0
89,2022-11-14 10:15:00+00:00,1255.7806396484375,1254.79638671875,1257.0174560546875,1256.9669189453125,6.4829457600911455,1198.6088756214488,1247.6058460582387,0,0,0,0
90,2022-11-14 10:30:00+00:00,1257.236083984375,1257.1112060546875,1260.087646484375,1259.699462890625,6.376424153645833,1198.6565662730825,1247.558155406605,0,0,0,0
91,2022-11-14 10:45:00+00:00,1259.455078125,1258.911865234375,1260.29052734375,1260.29052734375,6.2594553629557295,1198.925908868963,1247.654169256037,0,0,0,0
92,2022-11-14 11:00:00+00:00,1260.052734375,1259.9996337890625,1260.8587646484375,1260.6610107421875,6.1797943115234375,1198.2407781427557,1248.3392999822443,0,0,0,0
93,2022-11-14 11:15:00+00:00,1261.021240234375,1257.06201171875,1263.0621337890625,1257.18359375,6.343017578125,1198.5735973011363,1248.0064808238637,0,0,0,0
94,2022-11-14 11:30:00+00:00,1257.2923583984375,1254.8828125,1257.2923583984375,1255.521484375,6.198272705078125,1198.6573597301137,1247.9227183948863,0,0,0,0
95,2022-11-14 11:45:00+00:00,1255.3780517578125,1254.8426513671875,1256.1873779296875,1254.8426513671875,6.1059926350911455,1199.0598477450285,1248.1315585049715,0,0,0,0
96,2022-11-14 12:00:00+00:00,1254.285888671875,1248.2528076171875,1254.285888671875,1249.89013671875,6.305765787760417,1197.3734796697443,1249.8179265802557,0,0,0,0
97,2022-11-14 12:15:00+00:00,1250.5146484375,1250.5146484375,1257.36083984375,1257.36083984375,6.497202555338542,1197.929110440341,1252.4865389737215,0,0,0,0
98,2022-11-14 12:30:00+00:00,1257.78271484375,1257.78271484375,1262.1590576171875,1261.599853515625,5.9072723388671875,1221.7414384321733,1252.5700850053267,0,0,0,0
99,2022-11-14 12:45:00+00:00,1261.330322265625,1260.8216552734375,1262.6146240234375,1261.9451904296875,4.8552907307942705,1239.931102405895,1254.2946056019175,0,0,0,0
100,2022-11-14 13:00:00+00:00,1261.93017578125,1261.912841796875,1266.2557373046875,1266.2557373046875,4.810791015625,1238.9922540838068,1255.2334539240057,0,0,0,0
101,2022-11-14 13:15:00+00:00,1269.1353759765625,1269.1353759765625,1282.6875,1282.6875,4.8938039143880205,1256.8231478604403,1268.8075894442472,0,0,0,0
102,2022-11-14 13:30:00+00:00,1283.4658203125,1280.1063232421875,1284.2176513671875,1280.1063232421875,4.5972849527994795,1260.9850796786222,1271.4853793057528,0,0,0,0
103,2022-11-14 13:45:00+00:00,1279.3160400390625,1252.3980712890625,1279.3160400390625,1259.765869140625,5.5668996175130205,1264.1907404119318,1268.2797185724432,0,1,1,0
104,2022-11-14 14:00:00+00:00,1259.435546875,1257.042236328125,1260.875732421875,1259.2923583984375,5.2046559651692705,1264.0006269975142,1268.4698319868608,0,0,0,0
105,2022-11-14 14:15:00+00:00,1259.24462890625,1249.9710693359375,1259.24462890625,1249.9710693359375,5.418039957682292,1265.0000832297585,1267.4703757546165,0,0,0,0
106,2022-11-14 14:30:00+00:00,1249.91943359375,1243.9488525390625,1251.7503662109375,1246.424560546875,5.5252838134765625,1260.8042602539062,1267.3622436523438,0,0,0,0
107,2022-11-14 14:45:00+00:00,1245.9097900390625,1244.893798828125,1250.8502197265625,1250.8502197265625,5.690470377604167,1261.0897216796875,1267.0767822265625,0,0,0,0
108,2022-11-14 15:00:00+00:00,1250.7896728515625,1250.7896728515625,1252.4774169921875,1251.885498046875,5.468770345052083,1260.9732000177557,1267.1933038884943,0,0,0,0
109,2022-11-14 15:15:00+00:00,1251.8626708984375,1244.0091552734375,1252.5672607421875,1244.0091552734375,5.664398193359375,1261.890791459517,1266.275712446733,0,0,0,0
110,2022-11-14 15:30:00+00:00,1243.3341064453125,1240.248779296875,1244.0177001953125,1244.0177001953125,5.7155100504557295,1258.1816128817472,1266.2848177823153,0,0,0,0
111,2022-11-14 15:45:00+00:00,1244.2421875,1243.763427734375,1245.529052734375,1245.315673828125,5.7128651936848955,1258.1195068359375,1266.346923828125,0,0,0,0
112,2022-11-14 16:00:00+00:00,1245.32421875,1240.1683349609375,1246.880859375,1240.1683349609375,5.832733154296875,1258.5288529829545,1265.8571333451705,0,0,0,0
113,2022-11-14 16:15:00+00:00,1239.9178466796875,1230.925048828125,1239.9178466796875,1233.0791015625,6.125325520833333,1250.3580155806108,1264.7846846147017,0,0,0,0
114,2022-11-14 16:30:00+00:00,1233.348876953125,1233.348876953125,1236.191650390625,1235.8192138671875,6.1249847412109375,1250.6652998490767,1264.4774003462358,0,0,0,0
115,2022-11-14 16:45:00+00:00,1235.16357421875,1231.463134765625,1235.778076171875,1231.463134765625,6.249043782552083,1250.44111217152,1264.7015880237925,0,0,0,0
116,2022-11-14 17:00:00+00:00,1231.767333984375,1231.2513427734375,1235.259521484375,1235.1234130859375,6.3802541097005205,1250.6591075550425,1264.48359264027,0,0,0,0
117,2022-11-14 17:15:00+00:00,1235.194091796875,1233.769287109375,1236.0185546875,1233.769287109375,6.223968505859375,1250.7824540571733,1264.3602461381392,0,0,0,0
118,2022-11-14 17:30:00+00:00,1234.546630859375,1234.546630859375,1239.243408203125,1239.243408203125,6.3516591389973955,1250.6303100585938,1264.5123901367188,0,0,0,0
119,2022-11-14 17:45:00+00:00,1239.1783447265625,1238.863037109375,1240.273681640625,1239.158203125,6.3544057210286455,1249.8039384321733,1265.3387617631392,0,0,0,0
120,2022-11-14 18:00:00+00:00,1239.34423828125,1238.2154541015625,1240.2572021484375,1238.2154541015625,6.1649017333984375,1249.428056196733,1265.7146439985795,0,0,0,0
121,2022-11-14 18:15:00+00:00,1237.6109619140625,1237.5419921875,1239.6629638671875,1239.6629638671875,5.941996256510417,1249.472783868963,1265.6699163263495,0,0,0,0
122,2022-11-14 18:30:00+00:00,1240.72314453125,1240.72314453125,1243.346435546875,1242.8074951171875,5.895548502604167,1249.382862437855,1265.7598377574575,0,0,0,0
123,2022-11-14 18:45:00+00:00,1242.8304443359375,1242.5771484375,1243.4256591796875,1242.936279296875,5.8561960856119795,1247.2578735351562,1267.8848266601562,0,0,0,0
124,2022-11-14 19:00:00+00:00,1242.5767822265625,1239.6605224609375,1242.5767822265625,1239.6605224609375,5.8117319742838545,1247.1439319957387,1267.9987681995738,0,0,0,0
125,2022-11-14 19:15:00+00:00,1238.8026123046875,1232.8067626953125,1238.8026123046875,1233.376220703125,5.412648518880208,1244.300137606534,1270.8425625887785,0,0,0,0
126,2022-11-14 19:30:00+00:00,1233.7020263671875,1232.06591796875,1233.9183349609375,1232.1951904296875,5.3185272216796875,1244.029990456321,1266.2110984108665,0,0,0,0
127,2022-11-14 19:45:00+00:00,1231.1055908203125,1215.578857421875,1231.1055908203125,1215.578857421875,4.856363932291667,1229.6785777698863,1246.7760120738637,0,0,0,0
128,2022-11-14 20:00:00+00:00,1215.379638671875,1214.3328857421875,1220.0181884765625,1214.3328857421875,4.933522542317708,1228.1440318714488,1245.4334827769887,0,0,0,0
129,2022-11-14 20:15:00+00:00,1214.0985107421875,1214.0985107421875,1218.4334716796875,1218.061279296875,4.725758870442708,1227.6885486949575,1238.9772227894175,0,0,0,0
130,2022-11-14 20:30:00+00:00,1217.8101806640625,1216.634521484375,1218.919677734375,1217.7296142578125,4.49591064453125,1227.7700139825995,1238.8957575017755,0,0,0,0
131,2022-11-14 20:45:00+00:00,1217.6910400390625,1215.1572265625,1217.7149658203125,1215.223388671875,4.354909261067708,1226.953779740767,1239.711991743608,0,0,0,0
132,2022-11-14 21:00:00+00:00,1215.929443359375,1215.929443359375,1218.603515625,1217.5311279296875,4.425425211588542,1226.900762384588,1239.765009099787,0,0,0,0
133,2022-11-14 21:15:00+00:00,1218.11962890625,1218.11962890625,1222.50439453125,1222.3284912109375,4.2760569254557295,1227.3381680575285,1233.641202059659,0,0,0,0
134,2022-11-14 21:30:00+00:00,1222.4744873046875,1222.4744873046875,1224.556396484375,1224.534423828125,4.2118479410807295,1226.7266290838068,1234.2527410333807,0,0,0,0
135,2022-11-14 21:45:00+00:00,1224.7125244140625,1223.9822998046875,1226.4703369140625,1226.4703369140625,4.2419484456380205,1225.805458762429,1235.1739113547585,1,0,0,1
136,2022-11-14 22:00:00+00:00,1226.7779541015625,1225.1610107421875,1227.134521484375,1225.1610107421875,4.0444895426432295,1225.6501353870738,1231.8740345348012,0,0,0,0
137,2022-11-14 22:15:00+00:00,1225.1376953125,1224.2779541015625,1225.590576171875,1224.2779541015625,3.714045206705729,1225.2351185191762,1232.2890514026988,0,0,0,0
138,2022-11-14 22:30:00+00:00,1223.695068359375,1219.0732421875,1223.695068359375,1219.272216796875,3.8012186686197915,1225.398282137784,1232.125887784091,0,0,0,0
139,2022-11-14 22:45:00+00:00,1219.45458984375,1218.8851318359375,1223.0635986328125,1222.1986083984375,3.793818155924479,1225.6613547585227,1231.8628151633523,0,0,0,0
140,2022-11-14 23:00:00+00:00,1222.3333740234375,1221.8175048828125,1232.5816650390625,1231.9921875,4.0753173828125,1226.382723721591,1231.141446200284,1,0,0,1
141,2022-11-14 23:15:00+00:00,1232.2593994140625,1232.1146240234375,1238.9224853515625,1238.428955078125,4.2703603108723955,1227.1354037198153,1230.3887662020597,0,0,0,0
142,2022-11-14 23:30:00+00:00,1238.3740234375,1238.2703857421875,1244.5701904296875,1244.5701904296875,4.3047637939453125,1227.7160478071733,1230.9526533647017,0,0,0,0
143,2022-11-14 23:45:00+00:00,1244.9114990234375,1241.4312744140625,1245.0625,1241.4312744140625,4.397288004557292,1227.921991521662,1231.2390192205255,0,0,0,0
144,2022-11-15 00:00:00+00:00,1241.677734375,1241.584716796875,1243.2392578125,1242.37353515625,4.3875478108723955,1227.6662431196733,1231.4947676225142,0,0,0,0
145,2022-11-15 00:15:00+00:00,1242.722412109375,1240.3834228515625,1243.871826171875,1243.871826171875,4.4445241292317705,1228.0262284712358,1231.1347822709517,0,0,0,0
146,2022-11-15 00:30:00+00:00,1244.3790283203125,1243.893798828125,1247.05126953125,1243.893798828125,4.42352294921875,1228.013094815341,1233.1366854580965,0,0,0,0
147,2022-11-15 00:45:00+00:00,1243.6915283203125,1241.1783447265625,1243.6915283203125,1241.1783447265625,4.501312255859375,1227.448780406605,1233.7009998668325,0,0,0,0
148,2022-11-15 01:00:00+00:00,1240.5394287109375,1238.8739013671875,1240.967529296875,1240.6331787109375,4.4608408610026045,1227.510420365767,1233.6393599076705,0,0,0,0
149,2022-11-15 01:15:00+00:00,1240.5465087890625,1240.438720703125,1244.9779052734375,1244.9779052734375,4.364400227864583,1225.8635364879262,1235.2862437855113,0,0,0,0
150,2022-11-15 01:30:00+00:00,1244.833740234375,1243.998291015625,1245.81884765625,1245.81884765625,4.3630727132161455,1225.3365256569602,1235.8132546164773,0,0,0,0
151,2022-11-15 01:45:00+00:00,1246.7470703125,1246.7470703125,1257.035888671875,1256.7921142578125,4.138102213541667,1226.274991122159,1244.8594082919035,0,0,0,0
152,2022-11-15 02:00:00+00:00,1256.359619140625,1255.787841796875,1259.610595703125,1259.610595703125,4.060496012369792,1226.4846635298295,1247.224442915483,0,0,0,0
153,2022-11-15 02:15:00+00:00,1260.1103515625,1257.6519775390625,1261.46923828125,1258.6593017578125,4.0389251708984375,1227.713134765625,1248.913330078125,0,0,0,0
154,2022-11-15 02:30:00+00:00,1258.6097412109375,1258.4608154296875,1261.729736328125,1260.4732666015625,4.079915364583333,1227.6979703036222,1249.1889925870028,0,0,0,0
155,2022-11-15 02:45:00+00:00,1260.3895263671875,1258.59130859375,1260.3895263671875,1258.59130859375,4.0511474609375,1228.0486450195312,1249.6105346679688,0,0,0,0
156,2022-11-15 03:00:00+00:00,1258.48876953125,1258.48876953125,1262.195068359375,1260.745849609375,4.064737955729167,1230.4404296875,1249.874267578125,0,0,0,0
157,2022-11-15 03:15:00+00:00,1260.795654296875,1258.309326171875,1260.795654296875,1258.4940185546875,3.961115519205729,1231.2056995738637,1249.8745006214488,0,0,0,0
158,2022-11-15 03:30:00+00:00,1258.389404296875,1258.100341796875,1259.5740966796875,1258.100341796875,3.929692586263021,1231.1375510475852,1249.9426491477273,0,0,0,0
159,2022-11-15 03:45:00+00:00,1257.911865234375,1255.22021484375,1258.1968994140625,1256.0029296875,3.9500528971354165,1231.3644686612215,1249.715731534091,0,0,0,0
160,2022-11-15 04:00:00+00:00,1256.1412353515625,1255.4534912109375,1257.34228515625,1257.2803955078125,3.9465230305989585,1230.9122980291193,1250.1679021661932,0,0,0,0
161,2022-11-15 04:15:00+00:00,1257.192138671875,1254.7069091796875,1257.5457763671875,1254.9100341796875,4.0101165771484375,1230.7296253551137,1250.3505748401988,0,0,0,0
162,2022-11-15 04:30:00+00:00,1254.3651123046875,1253.6280517578125,1254.4910888671875,1254.2022705078125,3.8466695149739585,1229.436601118608,1251.6435990767045,0,0,0,0
163,2022-11-15 04:45:00+00:00,1254.2166748046875,1254.027099609375,1255.7847900390625,1255.7847900390625,3.7458038330078125,1231.6636186079545,1252.348954634233,0,0,0,0
164,2022-11-15 05:00:00+00:00,1255.942138671875,1255.942138671875,1258.795654296875,1258.270263671875,3.4227498372395835,1241.512245871804,1252.7974465110085,0,0,0,0
165,2022-11-15 05:15:00+00:00,1258.3284912109375,1258.0177001953125,1259.358154296875,1258.53173828125,3.1898396809895835,1247.3556296608665,1253.109824440696,0,0,0,0
166,2022-11-15 05:30:00+00:00,1258.1724853515625,1251.668701171875,1258.1724853515625,1251.668701171875,3.2133076985677085,1248.6484707919035,1252.420498934659,0,1,1,0
167,2022-11-15 05:45:00+00:00,1250.981201171875,1250.4930419921875,1251.8883056640625,1251.337890625,3.120142618815104,1248.3630426580255,1252.705927068537,0,0,0,0
168,2022-11-15 06:00:00+00:00,1250.473876953125,1249.0546875,1251.3927001953125,1251.096923828125,3.1422271728515625,1248.2483021129262,1252.8206676136363,0,0,0,0
169,2022-11-15 06:15:00+00:00,1250.9974365234375,1250.54248046875,1251.7655029296875,1251.7655029296875,3.0478363037109375,1248.0447887073863,1253.0241810191762,0,0,0,0
170,2022-11-15 06:30:00+00:00,1252.0418701171875,1252.0418701171875,1253.617431640625,1252.2427978515625,2.992523193359375,1247.9830821644175,1253.085887562145,0,0,0,0
171,2022-11-15 06:45:00+00:00,1252.4798583984375,1252.4798583984375,1254.4063720703125,1254.3011474609375,2.9695281982421875,1247.6591352982955,1253.409834428267,0,0,0,0
172,2022-11-15 07:00:00+00:00,1254.61669921875,1254.61669921875,1257.770263671875,1257.770263671875,3.0180562337239585,1249.4487582120028,1253.1850308504972,0,0,0,0
173,2022-11-15 07:15:00+00:00,1258.2166748046875,1258.2166748046875,1267.385986328125,1266.521728515625,3.229578653971354,1252.7899669300425,1258.5943104137075,0,0,0,0
174,2022-11-15 07:30:00+00:00,1265.5203857421875,1263.8890380859375,1266.300537109375,1266.300537109375,3.2634175618489585,1255.37646484375,1258.756591796875,0,0,0,0
175,2022-11-15 07:45:00+00:00,1266.666748046875,1266.096923828125,1268.0128173828125,1266.186279296875,2.8758697509765625,1257.4248046875,1259.6427001953125,0,0,0,0
176,2022-11-15 08:00:00+00:00,1266.126220703125,1263.6646728515625,1266.126220703125,1264.9049072265625,2.8216552734375,1257.3228981711648,1259.7446067116477,0,0,0,0
177,2022-11-15 08:15:00+00:00,1264.93359375,1264.93359375,1272.5616455078125,1272.5616455078125,2.981633504231771,1258.1103682084517,1263.5059647993608,0,0,0,0
178,2022-11-15 08:30:00+00:00,1273.1064453125,1272.2332763671875,1273.682373046875,1272.83544921875,2.9058074951171875,1257.802567915483,1264.934492631392,0,0,0,0
179,2022-11-15 08:45:00+00:00,1272.76953125,1271.459228515625,1272.827880859375,1272.63134765625,2.884735107421875,1257.6511896306818,1265.0858709161932,0,0,0,0
180,2022-11-15 09:00:00+00:00,1272.703369140625,1272.410888671875,1274.3465576171875,1274.3465576171875,2.8109588623046875,1257.7141779119318,1265.6870672052557,0,0,0,0
181,2022-11-15 09:15:00+00:00,1274.0833740234375,1268.75439453125,1274.0833740234375,1268.75439453125,2.94036865234375,1258.0708340731535,1265.330411044034,0,0,0,0
182,2022-11-15 09:30:00+00:00,1268.884765625,1261.8385009765625,1268.884765625,1261.8385009765625,3.1725565592447915,1258.7741255326705,1264.627119584517,0,1,1,0
183,2022-11-15 09:45:00+00:00,1261.5869140625,1258.5572509765625,1261.5869140625,1260.7078857421875,3.185246785481771,1258.8344504616477,1264.5667946555398,0,0,0,0
184,2022-11-15 10:00:00+00:00,1260.3994140625,1260.3492431640625,1262.120361328125,1260.3492431640625,3.1803436279296875,1258.9011507901278,1264.5000943270597,0,0,0,0
185,2022-11-15 10:15:00+00:00,1260.0701904296875,1259.751953125,1260.558349609375,1259.751953125,3.0956573486328125,1258.7714288884943,1264.6298162286932,0,0,0,0
186,2022-11-15 10:30:00+00:00,1259.6553955078125,1257.504150390625,1261.811767578125,1261.811767578125,3.2217254638671875,1258.9482588334517,1264.4529862837358,0,0,0,0
187,2022-11-15 10:45:00+00:00,1262.2786865234375,1261.756103515625,1263.151611328125,1263.151611328125,3.206634521484375,1258.9557661576705,1264.445478959517,0,0,0,0
188,2022-11-15 11:00:00+00:00,1263.4774169921875,1263.4774169921875,1267.7774658203125,1265.9107666015625,3.27392578125,1258.6506958007812,1264.7505493164062,0,0,0,0
189,2022-11-15 11:15:00+00:00,1265.5863037109375,1259.0118408203125,1265.5863037109375,1259.033935546875,3.505528767903646,1259.4011951793325,1264.000049937855,0,1,1,0
190,2022-11-15 11:30:00+00:00,1258.7625732421875,1258.0234375,1259.9781494140625,1258.9857177734375,3.3010152180989585,1259.34892689098,1264.0523182262075,0,0,0,0
191,2022-11-15 11:45:00+00:00,1258.9259033203125,1258.9259033203125,1260.911865234375,1260.3980712890625,3.325627644856771,1259.4529640891335,1263.948281028054,1,0,0,1
192,2022-11-15 12:00:00+00:00,1260.5018310546875,1258.374267578125,1261.11572265625,1261.11572265625,3.342437744140625,1261.0620561079545,1263.826981977983,0,0,0,0
193,2022-11-15 12:15:00+00:00,1262.3248291015625,1262.3248291015625,1264.173095703125,1264.173095703125,3.4188690185546875,1262.6833274147727,1263.7051003196023,0,0,0,0
194,2022-11-15 12:30:00+00:00,1264.5931396484375,1264.0247802734375,1265.4146728515625,1265.1199951171875,3.3996175130208335,1262.8377852006392,1263.9886308149858,0,0,0,0
195,2022-11-15 12:45:00+00:00,1264.935302734375,1264.24365234375,1265.7740478515625,1265.5579833984375,3.373235066731771,1263.8720814098012,1265.0911754261363,0,0,0,0
196,2022-11-15 13:00:00+00:00,1265.524658203125,1265.524658203125,1270.0606689453125,1270.0606689453125,3.417689005533854,1267.0190762606535,1264.831631747159,0,0,0,0
197,2022-11-15 13:15:00+00:00,1269.8656005859375,1268.4124755859375,1269.8656005859375,1268.5350341796875,3.0857086181640625,1266.9825716885653,1264.8681363192472,0,0,0,0
198,2022-11-15 13:30:00+00:00,1268.562744140625,1268.562744140625,1283.19873046875,1276.1400146484375,3.587000528971354,1268.638311212713,1272.064569646662,0,0,0,0
199,2022-11-15 13:45:00+00:00,1276.493408203125,1272.0697021484375,1276.493408203125,1272.8551025390625,3.691492716471354,1268.1974431818182,1272.5054376775568,0,0,0,0
200,2022-11-15 14:00:00+00:00,1273.4427490234375,1273.17578125,1275.3265380859375,1273.294677734375,3.6894022623697915,1268.3368530273438,1272.3660278320312,0,0,0,0
201,2022-11-15 14:15:00+00:00,1272.764892578125,1268.81396484375,1272.764892578125,1271.9630126953125,3.55706787109375,1268.7601928710938,1271.9426879882812,0,0,0,0
202,2022-11-15 14:30:00+00:00,1272.1004638671875,1265.942138671875,1273.62890625,1265.942138671875,3.8169708251953125,1269.54443359375,1271.158447265625,0,1,1,0
203,2022-11-15 14:45:00+00:00,1265.8802490234375,1262.867919921875,1266.4207763671875,1266.4207763671875,3.9076639811197915,1269.2663463245738,1271.4365345348012,0,0,0,0
204,2022-11-15 15:00:00+00:00,1266.385498046875,1264.5196533203125,1267.759765625,1264.5196533203125,3.9620157877604165,1268.7473255504262,1271.9555553089488,0,0,0,0
205,2022-11-15 15:15:00+00:00,1264.05908203125,1263.986328125,1266.8155517578125,1266.8155517578125,3.846893310546875,1268.6856855912642,1272.0171952681108,0,0,0,0
206,2022-11-15 15:30:00+00:00,1266.6304931640625,1266.6304931640625,1272.5550537109375,1272.43212890625,3.8001556396484375,1269.2520640980113,1271.4508167613637,1,0,0,1
207,2022-11-15 15:45:00+00:00,1272.631591796875,1265.555419921875,1273.522216796875,1265.555419921875,3.995386759440104,1270.2284823330965,1270.4743985262785,0,1,1,0
208,2022-11-15 16:00:00+00:00,1265.747314453125,1263.12109375,1266.072509765625,1265.5035400390625,4.044565836588542,1270.043545809659,1270.659335049716,0,0,0,0
209,2022-11-15 16:15:00+00:00,1266.0228271484375,1266.0228271484375,1267.62255859375,1266.132568359375,4.0992584228515625,1270.142206365412,1270.560674493963,0,0,0,0
210,2022-11-15 16:30:00+00:00,1265.8006591796875,1264.8165283203125,1267.90087890625,1264.8165283203125,4.048288981119792,1270.451288396662,1270.770879572088,0,0,0,0
211,2022-11-15 16:45:00+00:00,1263.9725341796875,1262.627685546875,1264.2816162109375,1264.2816162109375,4.0813446044921875,1269.809004350142,1271.413163618608,0,0,0,0
212,2022-11-15 17:00:00+00:00,1264.828857421875,1264.828857421875,1267.688232421875,1267.688232421875,4.0305430094401045,1270.006991299716,1271.215176669034,0,0,0,0
213,2022-11-15 17:15:00+00:00,1267.62158203125,1267.355224609375,1268.4908447265625,1268.4908447265625,3.7904052734375,1269.891035600142,1271.331132368608,0,0,0,0
214,2022-11-15 17:30:00+00:00,1268.765380859375,1268.765380859375,1271.0218505859375,1270.4857177734375,3.814417521158854,1270.2131680575285,1271.3598299893465,1,0,0,1
215,2022-11-15 17:45:00+00:00,1270.037353515625,1267.279541015625,1270.037353515625,1267.279541015625,3.865259806315104,1270.2334594726562,1271.3395385742188,0,0,0,0
216,2022-11-15 18:00:00+00:00,1267.2342529296875,1264.0438232421875,1267.416259765625,1264.0438232421875,3.8915506998697915,1274.4543678977273,1271.0691916725852,0,0,0,0
217,2022-11-15 18:15:00+00:00,1264.3377685546875,1256.2042236328125,1264.3377685546875,1256.2042236328125,4.103057861328125,1269.2341918945312,1270.1687622070312,0,0,0,0
218,2022-11-15 18:30:00+00:00,1255.788818359375,1238.688232421875,1255.788818359375,1238.688232421875,4.7749786376953125,1253.4881980202415,1268.3987648703835,0,0,0,0
219,2022-11-15 18:45:00+00:00,1239.258544921875,1239.258544921875,1243.4278564453125,1243.4278564453125,4.9086964925130205,1253.909756747159,1267.977206143466,0,0,0,0
220,2022-11-15 19:00:00+00:00,1243.2698974609375,1238.9110107421875,1244.620849609375,1244.620849609375,4.9576059977213545,1252.6887761896307,1269.1981867009943,0,0,0,0
221,2022-11-15 19:15:00+00:00,1244.8106689453125,1244.8106689453125,1248.9676513671875,1248.9676513671875,5.070048014322917,1252.6782892400568,1269.2086736505682,0,0,0,0
222,2022-11-15 19:30:00+00:00,1248.8614501953125,1247.588623046875,1250.158203125,1250.158203125,4.5661265055338545,1252.6916725852273,1262.4899680397727,0,0,0,0
223,2022-11-15 19:45:00+00:00,1250.0399169921875,1249.137451171875,1253.7921142578125,1253.7921142578125,4.5757497151692705,1252.7153930664062,1261.2993774414062,1,0,0,1
224,2022-11-15 20:00:00+00:00,1253.9869384765625,1253.9869384765625,1259.3570556640625,1255.535888671875,4.7046457926432295,1252.4260531338778,1259.8910855379972,0,0,0,0
225,2022-11-15 20:15:00+00:00,1255.1483154296875,1253.248046875,1255.1483154296875,1253.9921875,4.6132761637369795,1252.2535511363637,1260.0635875355113,0,0,0,0
226,2022-11-15 20:30:00+00:00,1253.76123046875,1250.640380859375,1253.76123046875,1252.0050048828125,4.4326527913411455,1252.2687821821733,1259.9416670365767,0,0,0,0
227,2022-11-15 20:45:00+00:00,1252.2412109375,1251.45703125,1252.49169921875,1252.2547607421875,4.327728271484375,1252.0240700461648,1260.1863791725852,1,0,0,1
228,2022-11-15 21:00:00+00:00,1252.2445068359375,1249.337646484375,1253.55908203125,1249.337646484375,4.3686167399088545,1251.791825727983,1260.418623490767,0,0,0,0
229,2022-11-15 21:15:00+00:00,1249.368896484375,1249.017578125,1249.6749267578125,1249.4793701171875,4.2781219482421875,1250.7950827858665,1261.4153664328835,0,0,0,0
230,2022-11-15 21:30:00+00:00,1249.3203125,1246.2623291015625,1249.3385009765625,1247.946533203125,4.1653086344401045,1250.8313043767755,1261.3791448419745,0,0,0,0
231,2022-11-15 21:45:00+00:00,1247.6375732421875,1245.600341796875,1247.6375732421875,1246.98974609375,3.931116739908854,1250.8622824928977,1258.8478005149148,0,0,0,0
232,2022-11-15 22:00:00+00:00,1246.794921875,1246.637939453125,1247.979736328125,1247.8135986328125,3.864049275716146,1250.6246615323153,1259.0854214754972,0,0,0,0
233,2022-11-15 22:15:00+00:00,1247.8721923828125,1246.7213134765625,1248.438720703125,1246.7213134765625,3.847315470377604,1250.5603748668325,1259.14970814098,0,0,0,0
234,2022-11-15 22:30:00+00:00,1246.6893310546875,1245.7821044921875,1246.8636474609375,1246.043701171875,3.7638651529947915,1250.243319424716,1259.4667635830965,0,0,0,0
235,2022-11-15 22:45:00+00:00,1245.7532958984375,1245.027587890625,1247.271240234375,1247.271240234375,3.766148885091146,1250.394414728338,1259.3156682794745,0,0,0,0
236,2022-11-15 23:00:00+00:00,1246.9403076171875,1245.39306640625,1248.003173828125,1248.003173828125,3.7329610188802085,1250.4052013050425,1259.30488170277,0,0,0,0
237,2022-11-15 23:15:00+00:00,1248.2174072265625,1248.2174072265625,1250.031494140625,1248.3968505859375,3.7701568603515625,1250.2445845170455,1259.465498490767,0,0,0,0
238,2022-11-15 23:30:00+00:00,1248.639404296875,1248.639404296875,1250.331787109375,1250.331787109375,3.7453206380208335,1250.0485617897727,1258.6770241477273,1,0,0,1
239,2022-11-15 23:45:00+00:00,1250.2923583984375,1250.2923583984375,1252.1099853515625,1251.4586181640625,3.687464396158854,1249.1873002485795,1256.9171919389205,0,0,0,0
240,2022-11-16 00:00:00+00:00,1251.808837890625,1251.2774658203125,1252.5255126953125,1251.2774658203125,3.5989481608072915,1246.96894420277,1256.0570567737925,0,0,0,0
241,2022-11-16 00:15:00+00:00,1250.8935546875,1249.4486083984375,1251.92138671875,1250.501953125,3.3630828857421875,1246.6598288796165,1251.385459206321,0,0,0,0
242,2022-11-16 00:30:00+00:00,1250.3265380859375,1250.02197265625,1252.3504638671875,1251.809326171875,2.7302703857421875,1246.421514337713,1251.846552068537,0,0,0,0
243,2022-11-16 00:45:00+00:00,1251.9935302734375,1251.9935302734375,1254.316162109375,1252.7449951171875,2.637237548828125,1246.1706099076705,1252.0974564985795,0,0,0,0
244,2022-11-16 01:00:00+00:00,1252.6131591796875,1252.2523193359375,1256.1435546875,1255.4425048828125,2.56146240234375,1252.2504938299005,1251.9172307794745,0,0,0,0
245,2022-11-16 01:15:00+00:00,1255.2568359375,1255.2568359375,1256.8228759765625,1256.8228759765625,2.4455973307291665,1252.0462369051847,1252.3384066495028,0,0,0,0
246,2022-11-16 01:30:00+00:00,1256.65087890625,1255.6728515625,1257.6710205078125,1257.235595703125,2.421788533528646,1251.5598588423295,1252.824784712358,0,0,0,0
247,2022-11-16 01:45:00+00:00,1257.0694580078125,1256.2015380859375,1258.2205810546875,1258.2205810546875,2.3119710286458335,1251.5232044566762,1252.8614390980113,0,0,0,0
248,2022-11-16 02:00:00+00:00,1258.443115234375,1258.1826171875,1259.88623046875,1258.599365234375,2.1510823567708335,1251.2984508167613,1253.6153675426137,0,0,0,0
249,2022-11-16 02:15:00+00:00,1258.6871337890625,1258.6871337890625,1261.56787109375,1261.56787109375,2.179443359375,1251.5621559836648,1255.0333030007102,0,0,0,0
250,2022-11-16 02:30:00+00:00,1261.68701171875,1261.68701171875,1264.486328125,1263.0999755859375,2.1613871256510415,1251.3844770951705,1258.1294389204545,0,0,0,0
251,2022-11-16 02:45:00+00:00,1263.186767578125,1260.4052734375,1263.186767578125,1260.5299072265625,2.2341715494791665,1251.6741333007812,1257.8397827148438,0,0,0,0
252,2022-11-16 03:00:00+00:00,1260.55908203125,1260.475341796875,1262.1688232421875,1262.1688232421875,2.128840128580729,1251.4663751775568,1258.0475408380682,0,0,0,0
253,2022-11-16 03:15:00+00:00,1261.939697265625,1260.634521484375,1262.099365234375,1261.1268310546875,2.165379842122396,1251.35566295277,1258.158253062855,0,0,0,0
254,2022-11-16 03:30:00+00:00,1261.197998046875,1261.197998046875,1264.0010986328125,1263.981689453125,2.151097615559896,1251.5646362304688,1257.9492797851562,0,0,0,0
255,2022-11-16 03:45:00+00:00,1263.8800048828125,1263.21435546875,1264.322265625,1264.0142822265625,2.0995025634765625,1251.481522993608,1258.032393022017,0,0,0,0
256,2022-11-16 04:00:00+00:00,1263.9010009765625,1262.044677734375,1263.994140625,1262.044677734375,2.1256612141927085,1251.6026222922585,1257.9112937233665,0,0,0,0
257,2022-11-16 04:15:00+00:00,1261.732421875,1259.1112060546875,1261.7861328125,1259.1112060546875,2.17633056640625,1251.696688565341,1257.817227450284,0,0,0,0
258,2022-11-16 04:30:00+00:00,1259.0565185546875,1258.103271484375,1259.14501953125,1258.103271484375,2.1746724446614585,1251.482821377841,1258.031094637784,0,0,0,0
259,2022-11-16 04:45:00+00:00,1258.09765625,1258.0594482421875,1258.591064453125,1258.3377685546875,2.103337605794271,1251.6442038796165,1258.2351906516335,0,0,0,0
260,2022-11-16 05:00:00+00:00,1258.530517578125,1256.139892578125,1258.55126953125,1256.352783203125,2.095057169596354,1254.5335138494318,1258.1702215021307,0,1,1,0
261,2022-11-16 05:15:00+00:00,1256.404052734375,1256.4031982421875,1257.993896484375,1257.896240234375,2.078923543294271,1254.9314408735795,1258.1942915482955,0,0,0,0
262,2022-11-16 05:30:00+00:00,1258.07421875,1256.5927734375,1258.2879638671875,1256.7802734375,2.068934122721354,1255.8016190962358,1258.1333174272017,0,0,0,0
263,2022-11-16 05:45:00+00:00,1256.8758544921875,1256.1697998046875,1256.9708251953125,1256.5504150390625,2.026575724283854,1255.573652787642,1258.3612837357955,0,0,0,0
264,2022-11-16 06:00:00+00:00,1256.87548828125,1255.6361083984375,1258.751708984375,1255.6361083984375,2.1043904622395835,1255.680985884233,1258.2539506392045,0,0,0,0
265,2022-11-16 06:15:00+00:00,1255.5989990234375,1248.953369140625,1255.5989990234375,1248.953369140625,2.2798055013020835,1255.7551879882812,1257.6845092773438,0,0,0,0
266,2022-11-16 06:30:00+00:00,1248.61181640625,1246.0340576171875,1248.888916015625,1246.0340576171875,2.3044230143229165,1252.7033413973722,1257.8170443448153,0,0,0,0
267,2022-11-16 06:45:00+00:00,1245.96044921875,1245.85546875,1249.124267578125,1249.124267578125,2.3361714680989585,1252.7569469105113,1257.5848499644887,0,0,0,0
268,2022-11-16 07:00:00+00:00,1249.1531982421875,1248.4312744140625,1250.3394775390625,1248.4312744140625,2.253545125325521,1252.744678844105,1257.597118030895,0,0,0,0
269,2022-11-16 07:15:00+00:00,1248.1446533203125,1247.3719482421875,1248.617919921875,1248.6119384765625,2.240208943684896,1252.6392600319602,1257.7025368430398,0,0,0,0
270,2022-11-16 07:30:00+00:00,1248.6375732421875,1248.43896484375,1248.8299560546875,1248.767333984375,2.173243204752604,1252.4602661132812,1257.8815307617188,0,0,0,0
271,2022-11-16 07:45:00+00:00,1248.8453369140625,1248.6019287109375,1250.2471923828125,1248.6019287109375,2.1576690673828125,1252.279823996804,1258.061972878196,0,0,0,0
272,2022-11-16 08:00:00+00:00,1247.97119140625,1242.34033203125,1248.5819091796875,1248.18017578125,2.3475850423177085,1249.2205699573863,1257.6060901988637,0,0,0,0
273,2022-11-16 08:15:00+00:00,1247.2713623046875,1243.2398681640625,1247.2713623046875,1243.2398681640625,2.429743448893229,1249.5149536132812,1257.3117065429688,0,0,0,0
274,2022-11-16 08:30:00+00:00,1243.308837890625,1234.7862548828125,1243.308837890625,1235.075439453125,2.6632486979166665,1242.8921175870028,1256.2164029208097,0,0,0,0
275,2022-11-16 08:45:00+00:00,1234.66015625,1234.66015625,1237.780517578125,1237.416015625,2.6773681640625,1242.9822998046875,1256.0001220703125,0,0,0,0
276,2022-11-16 09:00:00+00:00,1237.4615478515625,1235.8349609375,1238.27880859375,1235.9295654296875,2.7086334228515625,1242.9236061789773,1256.0588156960227,0,0,0,0
277,2022-11-16 09:15:00+00:00,1235.9005126953125,1234.289306640625,1236.8092041015625,1234.289306640625,2.749699910481771,1242.7453002929688,1255.8662719726562,0,0,0,0
278,2022-11-16 09:30:00+00:00,1234.1365966796875,1229.80615234375,1234.1365966796875,1231.8624267578125,2.816736857096354,1238.604902787642,1255.523515181108,0,0,0,0
279,2022-11-16 09:45:00+00:00,1231.7589111328125,1230.8197021484375,1232.364501953125,1230.831787109375,2.8349405924479165,1238.4155384410512,1255.3847545276988,0,0,0,0
280,2022-11-16 10:00:00+00:00,1231.0948486328125,1230.8145751953125,1234.310302734375,1233.9935302734375,2.898529052734375,1238.7501720081675,1252.8421131480825,0,0,0,0
281,2022-11-16 10:15:00+00:00,1234.063720703125,1232.5938720703125,1234.226806640625,1232.5938720703125,2.8443400065104165,1238.900351784446,1250.050820090554,0,0,0,0
282,2022-11-16 10:30:00+00:00,1232.5191650390625,1229.3704833984375,1232.63671875,1231.118408203125,2.9370269775390625,1238.5812544389205,1249.540937943892,0,0,0,0
283,2022-11-16 10:45:00+00:00,1231.6416015625,1231.1107177734375,1232.4669189453125,1231.72265625,2.9713846842447915,1238.542402787642,1249.5797895951705,0,0,0,0
284,2022-11-16 11:00:00+00:00,1231.5286865234375,1229.93115234375,1232.2078857421875,1230.0950927734375,2.9657745361328125,1238.6217041015625,1249.50048828125,0,0,0,0
285,2022-11-16 11:15:00+00:00,1230.309326171875,1230.0172119140625,1232.066650390625,1232.066650390625,2.9827880859375,1238.791942249645,1249.3302501331675,0,0,0,0
286,2022-11-16 11:30:00+00:00,1232.0902099609375,1231.0771484375,1232.3544921875,1231.0771484375,2.9653778076171875,1238.5412708629262,1249.5809215198863,0,0,0,0
287,2022-11-16 11:45:00+00:00,1231.07421875,1223.6109619140625,1231.125732421875,1223.6109619140625,3.2451171875,1232.8952081853693,1249.4674627130682,0,0,0,0
288,2022-11-16 12:00:00+00:00,1223.689453125,1218.865478515625,1223.9390869140625,1219.426025390625,3.3267008463541665,1228.4434925426137,1246.0209849964488,0,0,0,0
289,2022-11-16 12:15:00+00:00,1219.5640869140625,1219.1728515625,1221.2706298828125,1219.1728515625,3.1356608072916665,1228.283807927912,1240.9211481267755,0,0,0,0
290,2022-11-16 12:30:00+00:00,1219.4400634765625,1218.8441162109375,1221.4332275390625,1221.4332275390625,3.1219024658203125,1228.3552967418325,1240.8282970081675,0,0,0,0
291,2022-11-16 12:45:00+00:00,1221.48046875,1221.48046875,1223.3726806640625,1222.0196533203125,3.0665130615234375,1228.449862393466,1240.733731356534,0,0,0,0
292,2022-11-16 13:00:00+00:00,1222.1295166015625,1215.4935302734375,1222.1295166015625,1216.582275390625,3.2635040283203125,1225.9508666992188,1239.7898559570312,0,0,0,0
293,2022-11-16 13:15:00+00:00,1217.0089111328125,1216.999267578125,1219.7752685546875,1219.609130859375,3.344629923502604,1226.1619207208807,1239.5788019353693,0,0,0,0
294,2022-11-16 13:30:00+00:00,1219.988525390625,1218.735107421875,1224.82470703125,1219.1905517578125,3.5820719401041665,1226.138466574929,1239.602256081321,0,0,0,0
295,2022-11-16 13:45:00+00:00,1218.8038330078125,1215.1668701171875,1220.99560546875,1215.1668701171875,3.756383260091146,1225.9329556551847,1237.8158236416903,0,0,0,0
296,2022-11-16 14:00:00+00:00,1215.14697265625,1207.0872802734375,1215.161865234375,1207.35498046875,3.8321329752604165,1217.7929576526988,1236.5656849254262,0,0,0,0
297,2022-11-16 14:15:00+00:00,1207.7293701171875,1207.7293701171875,1209.848876953125,1209.575927734375,3.730199178059896,1217.7075306285512,1232.6885875355113,0,0,0,0
298,2022-11-16 14:30:00+00:00,1209.903076171875,1209.903076171875,1212.56982421875,1210.5723876953125,3.4998372395833335,1217.7825372869318,1227.5835515802557,0,0,0,0
299,2022-11-16 14:45:00+00:00,1210.6973876953125,1205.545654296875,1210.9769287109375,1206.55712890625,3.596125284830729,1216.6379172585227,1227.1865456321023,0,0,0,0
300,2022-11-16 15:00:00+00:00,1206.9921875,1206.1400146484375,1210.6572265625,1210.6572265625,3.6825154622395835,1216.6425614790483,1225.7122969193892,0,0,0,0
301,2022-11-16 15:15:00+00:00,1210.6588134765625,1207.4598388671875,1210.7998046875,1207.4598388671875,3.7166849772135415,1216.8873568448153,1222.9686001864347,0,0,0,0
302,2022-11-16 15:30:00+00:00,1207.7437744140625,1207.7437744140625,1209.595703125,1208.2117919921875,3.6188812255859375,1216.7019209428267,1223.1540360884233,0,0,0,0
303,2022-11-16 15:45:00+00:00,1207.739501953125,1195.0928955078125,1207.739501953125,1195.79150390625,4.10113525390625,1207.8154296875,1221.5877685546875,0,0,0,0
304,2022-11-16 16:00:00+00:00,1195.5897216796875,1192.98779296875,1197.2149658203125,1197.2149658203125,4.131612141927083,1205.8413640802557,1221.3732355291193,0,0,0,0
305,2022-11-16 16:15:00+00:00,1197.9022216796875,1197.9022216796875,1199.58544921875,1199.0062255859375,4.162343343098958,1205.9796752929688,1219.6448364257812,0,0,0,0
306,2022-11-16 16:30:00+00:00,1199.237060546875,1199.0125732421875,1207.744140625,1207.744140625,4.390329996744792,1206.8607455166903,1218.5939663973722,1,0,0,1
307,2022-11-16 16:45:00+00:00,1207.74072265625,1207.736083984375,1210.729736328125,1210.2830810546875,4.45855712890625,1206.989501953125,1218.352783203125,0,0,0,0
308,2022-11-16 17:00:00+00:00,1209.7216796875,1208.26708984375,1209.7216796875,1209.1741943359375,4.44769287109375,1207.0902266068892,1218.2520585493608,0,0,0,0
309,2022-11-16 17:15:00+00:00,1209.3568115234375,1208.87451171875,1210.5584716796875,1208.87451171875,4.432464599609375,1206.29511607777,1219.04716907848,0,0,0,0
310,2022-11-16 17:30:00+00:00,1208.9710693359375,1208.86181640625,1213.9010009765625,1213.2879638671875,4.5892079671223955,1206.2904219193892,1217.8231034712358,0,0,0,0
311,2022-11-16 17:45:00+00:00,1213.8817138671875,1213.8817138671875,1216.287353515625,1214.546630859375,4.4010670979817705,1206.413368918679,1211.399131081321,0,0,0,0
312,2022-11-16 18:00:00+00:00,1214.537109375,1214.4080810546875,1216.04248046875,1216.04248046875,4.2577667236328125,1206.2831809303977,1211.5293190696023,0,0,0,0
313,2022-11-16 18:15:00+00:00,1216.101318359375,1214.8411865234375,1216.585205078125,1215.322265625,4.2430267333984375,1206.2565307617188,1211.5559692382812,0,0,0,0
314,2022-11-16 18:30:00+00:00,1215.4205322265625,1211.63427734375,1215.4205322265625,1211.63427734375,4.29290771484375,1205.8679310191762,1211.9445689808238,0,1,1,0
315,2022-11-16 18:45:00+00:00,1211.9180908203125,1211.232177734375,1212.0870361328125,1211.6317138671875,4.2477162679036455,1205.5490944602273,1212.2634055397727,0,0,0,0
316,2022-11-16 19:00:00+00:00,1211.7371826171875,1203.8123779296875,1211.7371826171875,1203.8123779296875,4.3014170328776045,1205.7993496981535,1212.0131503018465,0,0,0,0
317,2022-11-16 19:15:00+00:00,1203.9801025390625,1203.157470703125,1206.5262451171875,1206.5262451171875,4.3087412516276045,1205.4639004794035,1212.3485995205965,1,0,0,1
318,2022-11-16 19:30:00+00:00,1206.3612060546875,1204.7890625,1207.5296630859375,1207.5296630859375,4.169199625651042,1204.7358564897017,1209.2475419477983,0,0,0,0
319,2022-11-16 19:45:00+00:00,1207.1724853515625,1206.7393798828125,1208.25341796875,1208.25341796875,3.9894205729166665,1204.6022394353693,1204.9707586115057,0,0,0,0
320,2022-11-16 20:00:00+00:00,1208.484375,1206.542236328125,1208.484375,1206.7379150390625,3.7336934407552085,1204.458817915483,1205.114180131392,0,0,0,0
321,2022-11-16 20:15:00+00:00,1206.6710205078125,1206.15283203125,1206.767822265625,1206.29638671875,3.6554056803385415,1203.80205189098,1205.770946155895,0,0,0,0
322,2022-11-16 20:30:00+00:00,1206.6146240234375,1206.6146240234375,1207.9954833984375,1207.948486328125,3.6014556884765625,1203.417763449929,1206.155234596946,0,0,0,0
323,2022-11-16 20:45:00+00:00,1208.2919921875,1208.2919921875,1210.8323974609375,1210.8323974609375,3.4953155517578125,1203.3555741743608,1206.2174238725142,0,0,0,0
324,2022-11-16 21:00:00+00:00,1210.8662109375,1210.792724609375,1212.5732421875,1212.5657958984375,3.38128662109375,1203.3071178089488,1206.2658802379262,0,0,0,0
325,2022-11-16 21:15:00+00:00,1212.330322265625,1210.0196533203125,1212.330322265625,1210.0196533203125,3.348210652669271,1201.8653786399148,1207.7076194069602,0,0,0,0
326,2022-11-16 21:30:00+00:00,1210.080322265625,1208.3359375,1210.080322265625,1208.3359375,3.3318990071614585,1201.526816628196,1208.046181418679,0,0,0,0
327,2022-11-16 21:45:00+00:00,1208.0372314453125,1207.3837890625,1208.09130859375,1207.584716796875,2.824951171875,1201.333407315341,1208.239590731534,0,1,1,0
328,2022-11-16 22:00:00+00:00,1207.6031494140625,1206.7684326171875,1208.7340087890625,1208.7340087890625,2.730717976888021,1205.324335271662,1209.1630914861505,0,0,0,0
329,2022-11-16 22:15:00+00:00,1208.65380859375,1204.5975341796875,1208.65380859375,1204.5975341796875,2.8043009440104165,1206.59052623402,1209.0072520862925,0,0,0,0
330,2022-11-16 22:30:00+00:00,1204.7958984375,1204.460693359375,1206.174072265625,1205.8543701171875,2.5116119384765625,1210.6941583806818,1209.0485174005682,0,0,0,0
331,2022-11-16 22:45:00+00:00,1206.122802734375,1205.7801513671875,1211.70849609375,1211.70849609375,2.6338907877604165,1211.2729381214488,1208.4697376598012,1,0,0,1
332,2022-11-16 23:00:00+00:00,1211.755615234375,1211.755615234375,1217.299072265625,1215.3905029296875,2.782831827799479,1211.3481278852983,1209.1084150834517,0,0,0,0
333,2022-11-16 23:15:00+00:00,1215.064697265625,1212.792724609375,1215.3870849609375,1215.3157958984375,2.8209075927734375,1211.2933627041903,1209.1631802645597,0,0,0,0
334,2022-11-16 23:30:00+00:00,1215.5247802734375,1215.2156982421875,1216.9134521484375,1215.2156982421875,2.6816813151041665,1211.302001953125,1209.154541015625,0,0,0,0
335,2022-11-16 23:45:00+00:00,1214.9066162109375,1214.401123046875,1215.7593994140625,1215.7593994140625,2.6133015950520835,1211.2494007457387,1209.2071422230113,0,0,0,0
336,2022-11-17 00:00:00+00:00,1215.8486328125,1215.6578369140625,1217.5797119140625,1217.5115966796875,2.625279744466146,1210.995167125355,1209.7420154918325,0,0,0,0
337,2022-11-17 00:15:00+00:00,1217.4833984375,1215.58740234375,1217.502685546875,1216.1395263671875,2.632787068684896,1211.140985662287,1209.5961969549005,0,0,0,0
338,2022-11-17 00:30:00+00:00,1216.1439208984375,1215.51806640625,1218.23974609375,1218.23974609375,2.5884297688802085,1210.4314686168325,1210.9657481800425,0,0,0,0
339,2022-11-17 00:45:00+00:00,1218.068359375,1217.7003173828125,1221.7095947265625,1220.3798828125,2.7198638916015625,1210.5188099254262,1214.3482555042613,0,0,0,0
340,2022-11-17 01:00:00+00:00,1220.781005859375,1220.781005859375,1224.15283203125,1224.15283203125,2.546869913736979,1210.6595847389915,1216.6507179953835,0,0,0,0
341,2022-11-17 01:15:00+00:00,1224.228759765625,1222.4481201171875,1224.9656982421875,1222.4481201171875,2.5114034016927085,1212.0996537642045,1217.326737837358,0,0,0,0
342,2022-11-17 01:30:00+00:00,1222.4893798828125,1221.59228515625,1222.4893798828125,1222.2974853515625,2.4345906575520835,1211.957147771662,1217.4692438299005,0,0,0,0
343,2022-11-17 01:45:00+00:00,1222.36669921875,1219.5357666015625,1222.36669921875,1219.5357666015625,2.4894612630208335,1212.2593217329545,1217.167069868608,0,0,0,0
344,2022-11-17 02:00:00+00:00,1219.5166015625,1218.0390625,1219.9031982421875,1218.0390625,2.486211140950521,1212.281827059659,1217.1445645419035,0,0,0,0
345,2022-11-17 02:15:00+00:00,1218.041259765625,1217.0802001953125,1218.041259765625,1217.42431640625,2.5006306966145835,1212.019620028409,1217.4067715731535,0,0,0,0
346,2022-11-17 02:30:00+00:00,1217.228759765625,1216.8956298828125,1217.68798828125,1217.68798828125,2.4628499348958335,1211.8848710493608,1217.5415205522017,0,0,0,0
347,2022-11-17 02:45:00+00:00,1217.715087890625,1212.64208984375,1217.8203125,1212.64208984375,2.558446248372396,1212.2437910600142,1217.1826005415483,0,1,1,0
348,2022-11-17 03:00:00+00:00,1212.2943115234375,1210.944580078125,1212.2943115234375,1211.6756591796875,2.554987589518229,1212.2373990145597,1217.1889925870028,0,0,0,0
349,2022-11-17 03:15:00+00:00,1211.656494140625,1210.6358642578125,1211.656494140625,1210.69873046875,2.492223103841146,1212.2493508078835,1217.177040793679,0,0,0,0
350,2022-11-17 03:30:00+00:00,1210.686279296875,1209.3724365234375,1210.7127685546875,1210.7127685546875,2.4753875732421875,1212.1640902432528,1217.2623013583097,0,0,0,0
351,2022-11-17 03:45:00+00:00,1210.7745361328125,1206.4793701171875,1210.781005859375,1206.4793701171875,2.6149495442708335,1212.186612215909,1217.2397793856535,0,0,0,0
352,2022-11-17 04:00:00+00:00,1205.98486328125,1197.529296875,1206.009521484375,1198.474609375,2.905970255533854,1206.2420376864347,1216.2529574307528,0,0,0,0
353,2022-11-17 04:15:00+00:00,1198.02490234375,1197.9166259765625,1200.4697265625,1200.4697265625,2.839996337890625,1205.781777121804,1216.7132179953835,0,0,0,0
354,2022-11-17 04:30:00+00:00,1200.41552734375,1200.41552734375,1204.2451171875,1203.4556884765625,2.9281717936197915,1205.5416426225142,1216.9533524946733,0,0,0,0
355,2022-11-17 04:45:00+00:00,1203.67919921875,1203.6544189453125,1204.6837158203125,1204.0091552734375,2.732325236002604,1205.3548583984375,1217.14013671875,0,0,0,0
356,2022-11-17 05:00:00+00:00,1204.02099609375,1203.5755615234375,1208.361572265625,1207.878173828125,2.6988016764322915,1205.7759843306108,1216.7190107865767,1,0,0,1
357,2022-11-17 05:15:00+00:00,1207.6021728515625,1207.6021728515625,1208.744873046875,1207.9775390625,2.6381734212239585,1205.7465875799005,1216.748407537287,0,0,0,0
358,2022-11-17 05:30:00+00:00,1208.2822265625,1207.9830322265625,1209.6336669921875,1209.6336669921875,2.636439005533854,1205.7103493430398,1216.7846457741477,0,0,0,0
359,2022-11-17 05:45:00+00:00,1209.731689453125,1209.426025390625,1209.8212890625,1209.585693359375,2.5963134765625,1205.5018587979403,1216.9931363192472,0,0,0,0
360,2022-11-17 06:00:00+00:00,1209.5242919921875,1209.5242919921875,1212.395263671875,1212.395263671875,2.635859171549479,1205.522216796875,1216.9727783203125,0,0,0,0
361,2022-11-17 06:15:00+00:00,1212.583251953125,1212.583251953125,1213.96435546875,1212.9951171875,2.621063232421875,1205.1894642223012,1217.3055308948863,0,0,0,0
362,2022-11-17 06:30:00+00:00,1213.0411376953125,1210.2833251953125,1213.0411376953125,1210.2833251953125,2.6225687662760415,1205.0510364879262,1217.4439586292613,0,0,0,0
363,2022-11-17 06:45:00+00:00,1210.1905517578125,1204.7974853515625,1210.2156982421875,1204.7974853515625,2.6840922037760415,1205.4557994495738,1217.0391956676137,0,0,0,0
364,2022-11-17 07:00:00+00:00,1204.8160400390625,1202.518798828125,1205.7320556640625,1204.233154296875,2.660771687825521,1205.771639737216,1216.7233553799715,0,0,0,0
365,2022-11-17 07:15:00+00:00,1203.3267822265625,1199.2772216796875,1203.3267822265625,1202.880126953125,2.7623697916666665,1206.0614124644887,1213.9572642933238,0,0,0,0
366,2022-11-17 07:30:00+00:00,1202.980712890625,1202.330810546875,1204.07763671875,1204.0020751953125,2.7977752685546875,1206.0454157049005,1213.8505803888495,0,0,0,0
367,2022-11-17 07:45:00+00:00,1204.049072265625,1203.6658935546875,1204.63330078125,1203.758056640625,2.720128377278646,1206.0462812943892,1211.3862138227983,0,0,0,0
368,2022-11-17 08:00:00+00:00,1203.8358154296875,1203.8358154296875,1206.799560546875,1204.2745361328125,2.7691853841145835,1206.3529829545455,1209.2175736860795,0,0,0,0
369,2022-11-17 08:15:00+00:00,1204.34765625,1202.860595703125,1204.6690673828125,1202.860595703125,2.8044942220052085,1205.8934714577415,1209.4561379172585,0,0,0,0
370,2022-11-17 08:30:00+00:00,1202.9915771484375,1202.5233154296875,1204.05029296875,1203.6005859375,2.8351033528645835,1205.8702170632102,1209.4793923117898,0,0,0,0
371,2022-11-17 08:45:00+00:00,1203.45947265625,1203.4134521484375,1204.1845703125,1203.5106201171875,2.6514739990234375,1205.8335793235085,1205.6600730202415,0,0,0,0
372,2022-11-17 09:00:00+00:00,1203.5416259765625,1202.1495361328125,1203.7552490234375,1202.1495361328125,2.647649129231771,1205.8697676225142,1205.6238847212358,0,0,0,0
373,2022-11-17 09:15:00+00:00,1201.9517822265625,1198.50927734375,1201.9517822265625,1199.0577392578125,2.7560017903645835,1205.779579856179,1205.714072487571,0,0,0,0
374,2022-11-17 09:30:00+00:00,1198.9656982421875,1190.80517578125,1198.9656982421875,1191.095703125,3.044011433919271,1198.9603437943892,1205.8091874556108,0,0,0,0
375,2022-11-17 09:45:00+00:00,1190.8223876953125,1189.2071533203125,1191.5863037109375,1191.5863037109375,2.9639078776041665,1197.3386008522727,1205.8329079367898,0,0,0,0
376,2022-11-17 10:00:00+00:00,1191.8858642578125,1191.1209716796875,1192.3077392578125,1191.5267333984375,2.640436808268229,1196.9782159978693,1206.1932927911932,0,0,0,0
377,2022-11-17 10:15:00+00:00,1192.0609130859375,1192.0609130859375,1194.361572265625,1194.361572265625,2.6521759033203125,1197.1973266601562,1205.9741821289062,0,0,0,0
378,2022-11-17 10:30:00+00:00,1194.195068359375,1191.6258544921875,1194.195068359375,1192.98486328125,2.606597900390625,1196.9177412553267,1206.2537675337358,0,0,0,0
379,2022-11-17 10:45:00+00:00,1193.164794921875,1192.472900390625,1194.3624267578125,1192.472900390625,2.634160359700521,1197.019581187855,1206.1519276012075,0,0,0,0
380,2022-11-17 11:00:00+00:00,1192.6595458984375,1192.4754638671875,1198.26416015625,1198.26416015625,2.6760457356770835,1197.5834628018465,1205.588045987216,1,0,0,1
381,2022-11-17 11:15:00+00:00,1198.4625244140625,1198.4625244140625,1200.5318603515625,1198.7725830078125,2.7229207356770835,1197.8387950550425,1205.33271373402,0,0,0,0
382,2022-11-17 11:30:00+00:00,1198.779296875,1198.563720703125,1199.3931884765625,1198.563720703125,2.6884765625,1197.5604081587358,1205.6111006303267,0,0,0,0
383,2022-11-17 11:45:00+00:00,1198.769287109375,1198.769287109375,1201.8741455078125,1201.859375,2.809941609700521,1197.7978626598012,1205.3736461292613,0,0,0,0
384,2022-11-17 12:00:00+00:00,1201.9879150390625,1201.5440673828125,1202.5474853515625,1202.2603759765625,2.7321268717447915,1197.5586270419035,1205.612881747159,0,0,0,0
385,2022-11-17 12:15:00+00:00,1201.89794921875,1199.09130859375,1201.89794921875,1199.4755859375,2.798792521158854,1197.2427035245028,1205.0055874911222,0,0,0,0
386,2022-11-17 12:30:00+00:00,1199.2210693359375,1199.2210693359375,1200.37841796875,1200.0247802734375,2.7321065266927085,1196.962352405895,1202.460499156605,0,0,0,0
387,2022-11-17 12:45:00+00:00,1199.8687744140625,1198.7554931640625,1200.2342529296875,1200.2342529296875,2.5651448567708335,1196.488192471591,1199.5185213955965,0,0,0,0
388,2022-11-17 13:00:00+00:00,1200.8106689453125,1195.3568115234375,1202.0068359375,1195.3568115234375,2.708343505859375,1197.1568104137075,1198.84990345348,0,1,1,0
389,2022-11-17 13:15:00+00:00,1195.7615966796875,1192.27783203125,1196.031005859375,1194.82568359375,2.658228556315104,1197.5366876775568,1198.4700261896307,0,0,0,0
390,2022-11-17 13:30:00+00:00,1194.679931640625,1190.5635986328125,1195.9716796875,1190.5635986328125,2.8107808430989585,1197.8594027432528,1198.1473111239347,0,0,0,0
391,2022-11-17 13:45:00+00:00,1190.576416015625,1189.1527099609375,1190.7916259765625,1190.326904296875,2.8387603759765625,1197.7818381569602,1198.1704323508523,0,0,0,0
392,2022-11-17 14:00:00+00:00,1190.300048828125,1190.300048828125,1192.00830078125,1190.50537109375,2.783208211263021,1197.8065573952415,1196.0152199485085,0,0,0,0
393,2022-11-17 14:15:00+00:00,1190.84912109375,1189.182373046875,1192.3328857421875,1189.182373046875,2.8391265869140625,1198.1310202858665,1195.206259987571,0,0,0,0
394,2022-11-17 14:30:00+00:00,1189.4412841796875,1189.4412841796875,1193.6280517578125,1193.087890625,2.9607391357421875,1198.5182883522727,1194.8189919211648,0,0,0,0
395,2022-11-17 14:45:00+00:00,1193.34912109375,1193.34912109375,1195.4256591796875,1194.1788330078125,3.0260162353515625,1198.3406760475852,1194.5672829367898,0,0,0,0
396,2022-11-17 15:00:00+00:00,1193.9349365234375,1191.8330078125,1194.636474609375,1194.37646484375,3.075922648111979,1197.597617409446,1194.102577903054,0,0,0,0
397,2022-11-17 15:15:00+00:00,1194.705078125,1194.705078125,1212.7188720703125,1211.3245849609375,3.688512166341146,1199.7744251598012,1202.0971568714488,1,0,0,1
398,2022-11-17 15:30:00+00:00,1211.2657470703125,1208.1741943359375,1211.5989990234375,1209.356689453125,3.4873555501302085,1200.0796120383523,1201.7919699928977,0,0,0,0
399,2022-11-17 15:45:00+00:00,1209.4417724609375,1193.8431396484375,1209.6796875,1194.23681640625,4.0480804443359375,1201.8525723544035,1200.0190096768465,0,1,1,0
