timestamp,Open,Close,Low,High,Volume,change,RSI,SMA200,SMA50,SMA5,overbrough,oversell,10d_low,buy_ranking,sell_ranking
2021-04-21,56471.12890625,53906.08984375,53695.46875,56757.97265625,54926612466,,,,,,0,0,,0,0
2021-04-22,53857.10546875,51762.2734375,50583.8125,55410.23046875,74798630778,-0.0397694659817468,,,,,0,0,,0,0
2021-04-23,51739.80859375,51093.65234375,47714.6640625,52120.79296875,86668667320,-0.012917150838772984,,,,,0,0,,0,0
2021-04-24,51143.2265625,50050.8671875,48805.28515625,51167.5625,49014494781,-0.02040928977310741,,,,,0,0,,0,0
2021-04-25,50052.83203125,49004.25390625,47159.484375,50506.01953125,46117114240,-0.02091099195802515,,,,51163.42734375,0,0,,0,0
2021-04-26,49077.79296875,54021.75390625,48852.796875,54288.00390625,58284039825,0.10238907033660749,,,,51186.56015625,0,0,,0,0
2021-04-27,54030.3046875,55033.1171875,53319.1875,55416.96484375,49448222757,0.018721407731506323,,,,51840.72890625,0,0,,0,0
2021-04-28,55036.63671875,54824.703125,53887.91796875,56227.20703125,48000572955,-0.003787066282106566,,,,52586.9390625,0,0,,0,0
2021-04-29,54858.08984375,53555.109375,52418.02734375,55115.84375,46088929780,-0.02315733013830157,,,,53287.7875,0,0,,0,0
2021-04-30,53568.6640625,57750.17578125,53129.6015625,57900.71875,52395931985,0.07833176806484676,,,,55036.971875,0,0,49004.25390625,0,0
2021-05-01,57714.6640625,57828.05078125,57052.2734375,58448.33984375,42836427360,0.0013484807439372304,,,,55798.23125,0,0,49004.25390625,0,0
2021-05-02,57825.86328125,56631.078125,56141.90625,57902.59375,38177405335,-0.020698824187899145,,,,56117.8234375,0,0,49004.25390625,0,0
2021-05-03,56620.2734375,57200.29296875,56590.87109375,58973.30859375,51713139031,0.010051280367532334,,,,56592.94140625,0,0,49004.25390625,0,0
2021-05-04,57214.1796875,53333.5390625,53191.42578125,57214.1796875,68564706967,-0.06760024652955021,,,,56548.62734375,0,0,49004.25390625,0,0
2021-05-05,53252.1640625,57424.0078125,52969.0546875,57911.36328125,69241316747,0.07669599321369813,56.661447003156205,,,56483.39375,0,0,53333.5390625,0,0
2021-05-06,57441.30859375,56396.515625,55382.5078125,58363.31640625,69523285106,-0.01789307689659958,54.38249486801164,,,56197.08671875,0,0,53333.5390625,0,0
2021-05-07,56413.953125,57356.40234375,55321.84765625,58606.6328125,68434023376,0.017020319573156195,56.15659432204437,,,56342.1515625,0,0,53333.5390625,0,0
2021-05-08,57352.765625,58803.77734375,56975.2109375,59464.61328125,65382980634,0.02523475916996243,58.76095313997176,,,56662.8484375,0,0,53333.5390625,0,0
2021-05-09,58877.390625,58232.31640625,56482.00390625,59210.8828125,65906690347,-0.009718099130935132,57.3133728206743,,,57642.60390625,0,0,53333.5390625,0,0
2021-05-10,58250.87109375,55859.796875,54071.45703125,59519.35546875,71776546298,-0.04074231762821234,51.62696075248687,,,57329.76171875,0,0,53333.5390625,0,0
2021-05-11,55847.2421875,56704.57421875,54608.65234375,56872.54296875,61308396325,0.01512317249631967,53.39987050651067,,,57391.3734375,0,0,53333.5390625,0,0
2021-05-12,56714.53125,49150.53515625,49150.53515625,57939.36328125,75215403907,-0.1332174549686006,39.46940839887007,,,55750.2,0,0,49150.53515625,0,0
2021-05-13,49735.43359375,49716.19140625,46980.01953125,51330.84375,96721152926,0.011508648851976444,40.71655300859399,,,53932.6828125,0,0,49150.53515625,0,0
2021-05-14,49682.98046875,49880.53515625,48868.578125,51438.1171875,55737497453,0.00330563837155351,41.0962786412209,,,52262.3265625,0,0,49150.53515625,0,0
2021-05-15,49855.49609375,46760.1875,46664.140625,50639.6640625,59161047474,-0.06255641898138342,36.337204653787595,,,50442.4046875,0,0,46760.1875,0,0
2021-05-16,46716.63671875,46456.05859375,43963.3515625,49720.04296875,64047871555,-0.0065040138312105755,35.90082570073786,,,48392.7015625,0,0,46456.05859375,0,0
2021-05-17,46415.8984375,43537.51171875,42207.2890625,46623.55859375,74903638450,-0.06282381595309616,31.937117676487514,,,47270.096875,0,0,43537.51171875,0,0
2021-05-18,43488.05859375,42909.40234375,42367.83203125,45812.45703125,56187365084,-0.014426855146374762,31.140274351215997,,,45908.7390625,0,0,42909.40234375,0,0
2021-05-19,42944.9765625,37002.44140625,30681.49609375,43546.1171875,126358098747,-0.13766122609163733,24.858692658095887,,,43333.1203125,0,1,37002.44140625,1,0
2021-05-20,36753.66796875,40782.73828125,35050.6171875,42462.984375,88281943359,0.10216344466291027,34.03015399907605,,,42137.63046875,0,0,37002.44140625,0,0
2021-05-21,40596.94921875,37304.69140625,33616.453125,42172.171875,82051616861,-0.08528232829817228,30.358706943638165,,,40307.35703125,0,0,37002.44140625,0,0
2021-05-22,37371.03125,37536.6328125,35383.68359375,38831.0546875,57377273240,0.006217486259949112,30.894152955738736,,,39107.18125,0,0,37002.44140625,0,0
2021-05-23,37531.44921875,34770.58203125,31227.33984375,38289.21875,78469274361,-0.0736893688644572,28.11767159237521,,,37479.4171875,0,1,34770.58203125,1,0
2021-05-24,34700.36328125,38705.98046875,34551.08203125,39835.140625,67359584098,0.11318183957815453,36.81781399804077,,,37820.125,0,0,34770.58203125,0,0
2021-05-25,38795.78125,38402.22265625,36581.4296875,39776.3515625,56211915803,-0.007847826326095597,36.4510909655682,,,37344.021875,0,0,34770.58203125,0,0
2021-05-26,38392.625,39294.19921875,37905.8359375,40782.078125,51346735160,0.023227211885217036,38.391665491633745,,,37741.9234375,0,0,34770.58203125,0,0
2021-05-27,39316.890625,38436.96875,37247.90234375,40379.6171875,43210968721,-0.021815700174415475,37.21548295915196,,,37921.990625,0,0,34770.58203125,0,0
2021-05-28,38507.08203125,35697.60546875,34779.0390625,38856.96875,55200191952,-0.07126897282320166,33.665993266773725,,,38107.3953125,0,0,34770.58203125,0,0
2021-05-29,35684.15625,34616.06640625,33693.9296875,37234.5,45231013335,-0.03029724398312339,32.35395384387795,,,37289.4125,0,0,34616.06640625,0,0
2021-05-30,34607.40625,35678.12890625,33520.73828125,36400.66796875,31646080921,0.03068120125307594,35.03158215560454,,,36744.59375,0,0,34616.06640625,0,0
2021-05-31,35658.59375,37332.85546875,34241.9453125,37468.25,39009847639,0.04637929771620186,39.07775664808544,,,36352.325,0,0,34616.06640625,0,0
2021-06-01,37293.79296875,36684.92578125,35787.0859375,37896.734375,34639423297,-0.017355481635803582,38.0777566581663,,,36001.91640625,0,0,34616.06640625,0,0
2021-06-02,36699.921875,37575.1796875,35966.30859375,38231.33984375,33070867190,0.02426756732611457,40.33691549131843,,,36377.43125,0,0,34616.06640625,0,0
2021-06-03,37599.41015625,39208.765625,37243.97265625,39478.953125,35460750427,0.043475133082156336,44.34913585624577,,,37295.97109375,0,0,34616.06640625,0,0
2021-06-04,39242.484375,36894.40625,35717.72265625,39242.484375,41831090187,-0.05902658087058821,40.22228038524972,,,37539.2265625,0,0,34616.06640625,0,0
2021-06-05,36880.15625,35551.95703125,34900.4140625,37917.71484375,35959473399,-0.03638625350557034,38.01267710217663,,,37183.046875,0,0,34616.06640625,0,0
2021-06-06,35538.609375,35862.37890625,35304.578125,36436.421875,28913440585,0.008731498936251025,38.84922101974093,,,37018.5375,0,0,34616.06640625,0,0
2021-06-07,35835.265625,33560.70703125,33480.640625,36790.5703125,33683936663,-0.06418068028941804,35.07003836356477,,,36215.64296875,0,0,33560.70703125,0,0
2021-06-08,33589.51953125,33472.6328125,31114.443359375,34017.38671875,49902050442,-0.0026243254847995168,34.9300137456442,,,35068.41640625,0,0,33472.6328125,0,0
2021-06-09,33416.9765625,37345.12109375,32475.865234375,37537.37109375,53972919008,0.11569117681725527,45.27600177372272,,45937.999140625,35158.559375,0,0,33472.6328125,0,0
2021-06-10,37389.515625,36702.59765625,35847.59375,38334.32421875,43576032854,-0.01720501684509279,44.025234582965126,,45593.929296875,35388.6875,0,0,33472.6328125,0,0
2021-06-11,36697.03125,37334.3984375,36044.44921875,37608.6953125,38699736985,0.01721406171757467,45.616175408866376,,45305.371796875,35683.09140625,0,0,33472.6328125,0,0
2021-06-12,37340.14453125,35552.515625,34728.19140625,37408.92578125,37924228550,-0.047727642256857994,41.991210533476334,,44994.5490625,36081.453125,0,0,33472.6328125,0,0
2021-06-13,35555.7890625,39097.859375,34864.109375,39322.78125,40669112838,0.09972131894675185,50.431454544638356,,44775.48890625,37206.4984375,0,0,33472.6328125,0,0
2021-06-14,39016.96875,40218.4765625,38757.28515625,40978.36328125,43148914673,0.028661855288592664,52.77060006321588,,44599.773359375,37781.16953125,0,0,33472.6328125,0,0
2021-06-15,40427.16796875,40406.26953125,39609.46875,41295.26953125,46420149185,0.004669320789865594,53.16942953653121,,44327.463671875,38521.90390625,0,0,33472.6328125,0,0
2021-06-16,40168.69140625,38347.0625,38176.03515625,40516.77734375,39211635100,-0.05096256237308472,48.348172876603826,,43993.742578125,38724.43671875,0,0,33472.6328125,0,0
2021-06-17,38341.421875,38053.50390625,37439.67578125,39513.671875,37096670047,-0.007655308506355651,47.684347930722105,,43658.31859375,39224.634375,0,0,33472.6328125,0,0
2021-06-18,38099.4765625,35787.24609375,35255.85546875,38187.26171875,36200887275,-0.0595545108824469,42.79889071510585,,43302.961328125,38562.51171875,0,0,35552.515625,0,0
2021-06-19,35854.52734375,35615.87109375,34933.0625,36457.796875,31207279719,-0.004788717174578294,42.44474973873532,,42860.275234375,37641.990625,0,0,35552.515625,0,0
2021-06-20,35563.140625,35698.296875,33432.07421875,36059.484375,36664034054,0.002314299179515533,42.69037415087788,,42417.68015625,36700.39609375,0,0,35552.515625,0,0
2021-06-21,35641.14453125,31676.693359375,31295.935546875,35721.640625,52809038594,-0.11265533282181261,34.87100217179373,,41918.5924609375,35366.322265625,0,0,31676.693359375,0,0
2021-06-22,31622.376953125,32505.66015625,28893.62109375,33292.453125,58964353058,0.02616961270137308,37.4156643019068,,41424.6998046875,34256.753515625,0,0,31676.693359375,0,0
2021-06-23,32515.71484375,33723.02734375,31772.6328125,34753.41015625,46317108925,0.0374509295196066,41.05776121575533,,41032.4895703125,33843.909765625,0,0,31676.693359375,0,0
2021-06-24,33682.80078125,34662.4375,32385.21484375,35228.8515625,33123368116,0.027856637741157764,43.776825989184864,,40577.2581640625,33653.223046875,0,0,31676.693359375,0,0
2021-06-25,34659.10546875,31637.779296875,31350.884765625,35487.24609375,40230904226,-0.0872604012088013,37.74009704821894,,40082.0834375,32841.11953125,0,0,31637.779296875,0,0
2021-06-26,31594.6640625,32186.27734375,30184.501953125,32637.587890625,38585385521,0.017336806155961115,39.37280440344125,,39578.6809375,32943.036328125,0,0,31637.779296875,0,0
2021-06-27,32287.5234375,34649.64453125,32071.7578125,34656.12890625,35511640894,0.07653470332064805,46.19691195389214,,39095.59828125,33371.833203125,0,0,31637.779296875,0,0
2021-06-28,34679.12109375,34434.3359375,33902.07421875,35219.890625,33892523752,-0.006213875976586625,45.71259336413056,,38619.638671875,33514.094921875,0,0,31637.779296875,0,0
2021-06-29,34475.55859375,35867.77734375,34252.484375,36542.109375,37901460044,0.04162825758718758,49.50788391587409,,38219.79828125,33755.162890625,0,0,31637.779296875,0,0
2021-06-30,35908.38671875,35040.8359375,34086.15234375,36074.7578125,34059036099,-0.02305527321430456,47.447088052121025,,37786.523515625,34435.77421875,0,0,31637.779296875,0,0
2021-07-01,35035.984375,33572.1171875,32883.78125,35035.984375,37838957079,-0.04191448950075438,43.948048964001444,,37474.95515625,34712.9421875,0,0,31637.779296875,0,0
2021-07-02,33549.6015625,33897.046875,32770.6796875,33939.58984375,38728974942,0.00967855812266083,44.91588336875497,,37158.572265625,34562.42265625,0,0,31637.779296875,0,0
2021-07-03,33854.421875,34668.546875,33402.6953125,34909.26171875,24383958643,0.022760094790705843,47.2450715703918,,36854.3325,34609.26484375,0,0,31637.779296875,0,0
2021-07-04,34665.56640625,35287.78125,34396.4765625,35937.56640625,24924307911,0.017861561294527206,49.10525158537478,,36624.884375,34493.265625,0,0,31637.779296875,0,0
2021-07-05,35284.34375,33746.00390625,33213.66015625,35284.34375,26721554282,-0.043691535402215154,44.86357903431259,,36370.68328125,34234.29921875,0,0,32186.27734375,0,0
2021-07-06,33723.5078125,34235.1953125,33599.91796875,35038.53515625,26501259870,0.014496276584600176,46.4443054017237,,36184.636953125,34366.91484375,0,0,33572.1171875,0,0
2021-07-07,34225.6796875,33855.328125,33839.2890625,34997.6640625,24796027477,-0.011095808977648836,45.356881294309034,,36003.55546875,34358.57109375,0,0,33572.1171875,0,0
2021-07-08,33889.60546875,32877.37109375,32133.18359375,33907.90625,29910396946,-0.028886355129662422,42.59205557577078,,35921.0540625,34000.3359375,0,0,32877.37109375,0,0
2021-07-09,32861.671875,33798.01171875,32318.880859375,34042.29296875,27436021028,0.02800225791699673,45.93330895788285,,35781.35953125,33702.38203125,0,0,32877.37109375,0,0
2021-07-10,33811.2421875,33520.51953125,33116.01171875,34209.0703125,22971873468,-0.008210311003178261,45.08161765007653,,35705.67609375,33657.28515625,0,0,32877.37109375,0,0
2021-07-11,33509.078125,34240.1875,33346.73828125,34584.703125,20108729370,0.021469475378479208,47.78564154513432,,35639.7471875,33658.28359375,0,0,32877.37109375,0,0
2021-07-12,34254.015625,33155.84765625,32697.30859375,34592.15625,24321499537,-0.031668630428790756,44.25033348930641,,35607.4525,33518.3875,0,0,32877.37109375,0,0
2021-07-13,33125.46875,32702.025390625,32261.419921875,33327.1015625,19120856669,-0.013687548281983153,42.82240657554679,,35487.3733984375,33483.318359375,0,0,32702.025390625,0,0
2021-07-14,32723.845703125,32822.34765625,31639.125,33061.3984375,21376531210,0.003679352094793975,43.34441444288569,,35375.7758984375,33288.185546875,0,0,32702.025390625,0,0
2021-07-15,32827.875,31780.73046875,31175.708984375,33159.640625,21300524237,-0.031734999531688124,39.944593808477116,,35225.5065234375,32940.227734375,0,0,31780.73046875,0,0
2021-07-16,31841.55078125,31421.5390625,31100.673828125,32218.40625,23699476918,-0.011302175908234458,38.81398192006126,,35085.1979296875,32376.498046875,0,0,31421.5390625,0,0
2021-07-17,31397.30859375,31533.068359375,31223.990234375,31935.9453125,18895018942,0.003549453661488622,39.38765482259335,,35001.9071875,32051.9421875,0,0,31421.5390625,0,0
2021-07-18,31533.884765625,31796.810546875,31215.4921875,32398.99609375,18787986667,0.008363987433579023,40.80117036952773,,34945.5220703125,31870.89921875,0,0,31421.5390625,0,0
2021-07-19,31800.01171875,30817.83203125,30563.734375,31885.859375,20434789545,-0.030788575922789052,37.32194903552473,,34848.3161328125,31469.99609375,0,0,30817.83203125,0,0
2021-07-20,30838.28515625,29807.34765625,29360.955078125,31006.1875,23148267245,-0.03278895069501786,34.09059092340227,,34697.8059765625,31075.31953125,0,0,29807.34765625,0,0
2021-07-21,29796.28515625,32110.693359375,29526.18359375,32752.326171875,28203024559,0.07727442675168827,45.64339273809929,,34606.321328125,31213.150390625,0,0,29807.34765625,0,0
2021-07-22,32138.873046875,32313.10546875,31745.298828125,32576.400390625,19555230518,0.006303573302191001,46.53036326319601,,34501.07984375,31369.1578125,0,0,29807.34765625,0,0
2021-07-23,32305.958984375,33581.55078125,32057.892578125,33581.55078125,22552046192,0.03925482537500802,51.83447962856156,,34388.535546875,31726.105859375,0,0,29807.34765625,0,0
2021-07-24,33593.73046875,34292.4453125,33424.859375,34490.390625,21664706865,0.021169199000986128,54.55534308440105,,34336.496328125,32421.028515625,0,0,29807.34765625,0,0
2021-07-25,34290.29296875,35350.1875,33881.8359375,35364.92578125,20856685287,0.030844758309330533,58.327417423836536,,34332.4609375,33529.596484375,0,0,29807.34765625,0,0
2021-07-26,35384.03125,37337.53515625,35287.3125,40499.67578125,51022126212,0.05621887171744144,64.31984566832728,,34361.9640625,34574.96484375,0,0,29807.34765625,0,0
2021-07-27,37276.03515625,39406.94140625,36441.7265625,39406.94140625,35097370560,0.055424286615063156,69.27444712128596,,34478.88875,35993.73203125,0,0,29807.34765625,0,0
2021-07-28,39503.1875,39995.90625,38862.4375,40816.0703125,38702404695,0.014945713184850051,70.52876783421883,,34609.35421875,37276.603125,1,0,29807.34765625,0,1
2021-07-29,39995.453125,40008.421875,39352.05859375,40593.0703125,27167146027,0.00031292265067750513,70.55627523091532,,34662.620234375,38419.7984375,1,0,29807.34765625,0,1
2021-07-30,40027.484375,42235.546875,38397.35546875,42235.546875,33072782960,0.055666404612466414,75.02368940412293,,34773.27921875,39796.8703125,1,0,32110.693359375,0,1
2021-07-31,42196.3046875,41626.1953125,41110.83203125,42231.44921875,25802845343,-0.014427457617713135,71.8131679723429,,34859.11515625,40654.60234375,1,0,32313.10546875,0,1
2021-08-01,41460.84375,39974.89453125,39540.94140625,42541.6796875,26688438115,-0.039669750474507826,63.84029276364722,,34947.562734375,40768.19296875,0,0,33581.55078125,0,0
2021-08-02,39907.26171875,39201.9453125,38746.34765625,40419.1796875,25595265436,-0.019335866368471732,60.45679819547546,,34949.644453125,40609.40078125,0,0,34292.4453125,0,0
2021-08-03,39178.40234375,38152.98046875,37782.05078125,39750.03125,26189830450,-0.02675797936526192,56.11059393493944,,34908.33453125,40238.3125,0,0,35350.1875,0,0
2021-08-04,38213.33203125,39747.50390625,37589.1640625,39952.296875,25372562724,0.041792893187100555,60.73185052743511,,34895.15921875,39740.70390625,0,0,37337.53515625,0,0
2021-08-05,39744.515625,40869.5546875,37458.00390625,41341.93359375,35185031017,0.02822946527400849,63.63364371760692,,34945.6090625,39589.37578125,0,0,38152.98046875,0,0
2021-08-06,40865.8671875,42816.5,39932.1796875,43271.66015625,38226483046,0.04763803587748594,68.04605894971769,,35040.868984375,40157.696875,0,0,38152.98046875,0,0
2021-08-07,42832.796875,44555.80078125,42618.56640625,44689.859375,40030862141,0.04062220829002827,71.38615136971929,,35216.240078125,41228.46796875,1,0,38152.98046875,0,1
2021-08-08,44574.4375,43798.1171875,43331.91015625,45282.3515625,36302664750,-0.017005273846830926,68.04916282571266,,35379.885,42357.4953125,0,0,38152.98046875,0,0
2021-08-09,43791.92578125,46365.40234375,42848.6875,46456.83203125,38734079049,0.058616336068955555,72.70497226749808,,35593.227109375,43681.075,1,0,38152.98046875,0,1
2021-08-10,46280.84765625,45585.03125,44705.5546875,46637.98828125,33546019517,-0.016830892309838696,69.39479247104778,,35871.3938671875,44624.1703125,0,0,38152.98046875,0,0
2021-08-11,45599.703125,45593.63671875,45351.7109375,46735.6328125,34319709073,0.00018877838873909702,69.4113313506902,,36133.1533984375,45179.59765625,0,0,38152.98046875,0,0
2021-08-12,45576.87890625,44428.2890625,43861.4453125,46228.91015625,33723620826,-0.02555943636254754,64.34069825884976,,36347.2586328125,45154.0953125,0,0,38152.98046875,0,0
2021-08-13,44439.69140625,47793.3203125,44282.41796875,47831.9765625,31744259539,0.07574073458615982,70.94182937977817,,36609.8762890625,45953.1359375,1,0,39747.50390625,0,1
2021-08-14,47810.6875,47096.9453125,46177.6328125,48098.68359375,31211354442,-0.01457055076832292,68.1310338334433,,36919.059609375,46099.44453125,0,0,40869.5546875,0,0
2021-08-15,47096.66796875,47047.00390625,45579.58984375,47357.10546875,30988958446,-0.0010603958689597848,67.92318518933364,,37216.274140625,46391.8390625,0,0,42816.5,0,0
2021-08-16,47019.9609375,46004.484375,45700.3203125,47998.09765625,32776876610,-0.02215910567498447,63.56384752000561,,37443.3709375,46474.00859375,0,0,43798.1171875,0,0
2021-08-17,45936.45703125,44695.359375,44512.41796875,47139.5703125,33451362600,-0.028456465011732934,58.48754539627763,,37648.59140625,46527.42265625,0,0,43798.1171875,0,0
2021-08-18,44686.75,44801.1875,44364.02734375,45952.0625,32194123075,0.002367765389513554,58.7741686196313,,37827.259609375,45928.99609375,0,0,44428.2890625,0,0
2021-08-19,44741.8828125,46717.578125,43998.31640625,46970.76171875,37204312299,0.04277544261522093,63.666420085586594,,38060.794453125,45853.12265625,0,0,44428.2890625,0,0
2021-08-20,46723.12109375,49339.17578125,46650.70703125,49342.15234375,34706867452,0.056115872471717454,69.0732246842027,,38376.135625,46311.55703125,0,0,44428.2890625,0,0
2021-08-21,49327.07421875,48905.4921875,48312.19921875,49717.01953125,40585205312,-0.008789842693618932,67.28932554652302,,38676.30453125,46891.75859375,0,0,44428.2890625,0,0
2021-08-22,48869.10546875,49321.65234375,48199.94140625,49471.609375,25370975378,0.00850947690403503,68.13964737974561,,38969.366640625,47817.0171875,0,0,44695.359375,0,0
2021-08-23,49291.67578125,49546.1484375,49074.60546875,50482.078125,34305053719,0.004551674225862445,68.61363589001095,,39254.533984375,48766.009375,0,0,44695.359375,0,0
2021-08-24,49562.34765625,47706.1171875,47687.1171875,49878.76953125,35361168834,-0.037137725293038826,60.64938826807934,,39533.73625,48963.7171875,0,0,44695.359375,0,0
2021-08-25,47727.2578125,48960.7890625,47163.61328125,49202.87890625,32646349931,0.02630002081428562,63.740047996139694,,39828.248125,48888.03984375,0,0,44695.359375,0,0
2021-08-26,49002.640625,46942.21875,46405.78125,49347.58203125,32666549568,-0.04122830434622349,56.10518720064485,,40089.9859375,48495.38515625,0,0,44695.359375,0,0
2021-08-27,46894.5546875,49058.66796875,46394.28125,49112.78515625,34511076995,0.04508626296557394,61.33467396155239,,40413.611875,48442.78828125,0,0,44801.1875,0,0
2021-08-28,49072.5859375,48902.40234375,48499.23828125,49283.50390625,28568103401,-0.003185280633781984,60.75910479948027,,40715.6996875,48314.0390625,0,0,46717.578125,0,0
2021-08-29,48911.25,48829.83203125,47925.85546875,49644.11328125,25889650240,-0.0014839825657210204,60.47528050243076,,41021.8859375,48538.78203125,0,0,46942.21875,0,0
2021-08-30,48834.8515625,47054.984375,46950.2734375,48925.60546875,31847007016,-0.0363476092875793,53.84991288095509,,41278.181875,48157.62109375,0,0,46942.21875,0,0
2021-08-31,47024.33984375,47166.6875,46750.09375,48189.55078125,34730363427,0.0023738850726162664,54.19007083821145,,41558.398671875,48202.51484375,0,0,46942.21875,0,0
2021-09-01,47099.7734375,48847.02734375,46562.4375,49111.08984375,39139399125,0.03562556399047523,59.076557874456185,,41881.2987109375,48160.18671875,0,0,46942.21875,0,0
2021-09-02,48807.84765625,49327.72265625,48652.3203125,50343.421875,39508070319,0.009840830417728652,60.37859813500853,,42211.4062109375,48245.25078125,0,0,46942.21875,0,0
2021-09-03,49288.25,50025.375,48386.0859375,50982.2734375,43206179619,0.014143210068944922,62.25557502257752,,42576.2991015625,48484.359375,0,0,46942.21875,0,0
2021-09-04,50009.32421875,49944.625,49548.78125,50545.58203125,37471327794,-0.0016141808032423821,61.89011612334131,,42946.7608203125,49062.2875,0,0,46942.21875,0,0
2021-09-05,49937.859375,51753.41015625,49538.59765625,51868.6796875,30322676319,0.03621581213694158,66.61738003920982,,43351.16765625,49979.63203125,0,0,47054.984375,0,0
2021-09-06,51769.00390625,52633.53515625,51053.6796875,52700.94140625,38884105426,0.017006125728580734,68.65482100078873,,43767.9021484375,50736.93359375,0,0,47054.984375,0,0
2021-09-07,52660.48046875,46811.12890625,43285.20703125,52853.765625,65210059683,-0.1106216071695616,47.84915180675698,,44087.7680859375,50233.61484375,0,0,46811.12890625,0,0
2021-09-08,46827.76171875,46091.390625,44561.39453125,47334.0546875,49007762488,-0.015375366885328479,45.99363387810118,,44413.4489453125,49446.81796875,0,0,46091.390625,0,0
2021-09-09,45774.7421875,46391.421875,45669.73828125,47261.94921875,38672657013,0.006509485739778498,46.91772962901231,,44699.063515625,48736.17734375,0,0,46091.390625,0,0
2021-09-10,46396.6640625,44883.91015625,44344.484375,47031.7421875,39154666597,-0.032495484247323514,42.94186316403038,,44950.479609375,47362.27734375,0,0,44883.91015625,0,0
2021-09-11,44869.83984375,45201.45703125,44818.265625,45969.29296875,34499835245,0.0070748487352050304,44.01801833960088,,45182.877734375,45875.86171875,0,0,44883.91015625,0,0
2021-09-12,45206.62890625,46063.26953125,44790.4609375,46364.87890625,27881980161,0.019066033632592516,46.94278607233057,,45418.29421875,45726.28984375,0,0,44883.91015625,0,0
2021-09-13,46057.21484375,44963.07421875,43591.3203125,46598.6796875,40969943253,-0.023884438158555232,43.797000150057215,,45610.551953125,45500.6265625,0,0,44883.91015625,0,0
2021-09-14,44960.05078125,47092.4921875,44752.33203125,47218.125,38652152880,0.0473592610325122,50.68530643313457,,45805.65109375,45640.840625,0,0,44883.91015625,0,0
2021-09-15,47098.0,48176.34765625,46773.328125,48450.46875,30484496466,0.023015462091804384,53.789767705685364,,45981.03921875,46299.328125,0,0,44883.91015625,0,0
2021-09-16,48158.90625,47783.359375,47079.55859375,48486.828125,31764293754,-0.008157286726135138,52.49927334768872,,46136.78828125,46815.70859375,0,0,44883.91015625,0,0
2021-09-17,47771.00390625,47267.51953125,46832.5234375,48160.921875,28727713711,-0.010795386730801604,50.77722487993842,,46281.970234375,47056.55859375,0,0,44883.91015625,0,0
2021-09-18,47273.52734375,48278.36328125,47087.28515625,48791.78125,28575630451,0.021385589090024082,53.963945587427474,,46402.8265625,47719.61640625,0,0,44883.91015625,0,0
2021-09-19,48268.85546875,47260.21875,46919.8046875,48328.3671875,26967722648,-0.021089044077959085,50.42301964409142,,46515.50703125,47753.16171875,0,0,44883.91015625,0,0
2021-09-20,47261.40625,42843.80078125,42598.9140625,47328.19921875,43909845642,-0.09344895316951951,38.59338277004229,,46572.88515625,46686.65234375,0,0,42843.80078125,0,0
2021-09-21,43012.234375,40693.67578125,39787.609375,43607.609375,48701090088,-0.050185206746199196,34.36618895149668,,46602.719765625,45268.715625,0,0,40693.67578125,0,0
2021-09-22,40677.953125,43574.5078125,40625.6328125,43978.62109375,38139709246,0.07079311406361999,43.3235639939776,,46711.1503125,44530.11328125,0,0,40693.67578125,0,0
2021-09-23,43560.296875,44895.09765625,43109.33984375,44942.17578125,34244064430,0.0303064775724482,46.90101777693803,,46814.1021875,43853.46015625,0,0,40693.67578125,0,0
2021-09-24,44894.30078125,42839.75,40936.55859375,45080.4921875,42839345714,-0.04578111561282838,42.41376675154042,,46853.50609375,42969.36640625,0,0,40693.67578125,0,0
2021-09-25,42840.890625,42716.59375,41759.921875,42996.2578125,31604717236,-0.002874812528084303,42.15351852614219,,46851.50796875,42943.925,0,0,40693.67578125,0,0
2021-09-26,42721.62890625,43208.5390625,40848.4609375,43919.30078125,30661222077,0.011516492054097771,43.64112580891696,,46824.562734375,43446.89765625,0,0,40693.67578125,0,0
2021-09-27,43234.18359375,42235.73046875,42190.6328125,44313.24609375,30980029059,-0.02251426719942695,41.37519493993202,,46793.315,43179.1421875,0,0,40693.67578125,0,0
2021-09-28,42200.8984375,41034.54296875,40931.6640625,42775.14453125,30214940550,-0.02844007873591181,38.70302709693179,,46686.6978125,42407.03125,0,0,40693.67578125,0,0
2021-09-29,41064.984375,41564.36328125,40829.66796875,42545.2578125,30602359905,0.012911568502261384,40.52752014131072,,46606.284453125,42151.95390625,0,0,40693.67578125,0,0
2021-09-30,41551.26953125,43790.89453125,41444.58203125,44092.6015625,31141681925,0.05356827518164842,47.587778960869976,,46570.229609375,42366.8140625,0,0,40693.67578125,0,0
2021-10-01,43816.7421875,48116.94140625,43320.0234375,48436.01171875,42850641582,0.09878873042688929,58.01648603692004,,46644.00265625,43348.49453125,0,0,41034.54296875,0,0
2021-10-02,48137.46875,47711.48828125,47465.49609375,48282.0625,30614346492,-0.008426411013467638,56.874271027209474,,46642.366015625,44443.64609375,0,0,41034.54296875,0,0
2021-10-03,47680.02734375,48199.953125,47157.2890625,49130.69140625,26638115879,0.010237887379882071,57.9483997076204,,46664.426171875,45876.728125,0,0,41034.54296875,0,0
2021-10-04,48208.90625,49112.90234375,47045.00390625,49456.77734375,33383173002,0.018940873580984396,59.95590341869076,,46705.744140625,47386.4359375,0,0,41034.54296875,0,0
2021-10-05,49174.9609375,51514.8125,49072.83984375,51839.984375,35873904236,0.048905889117254686,64.72693071317937,,46815.950703125,48931.21953125,0,0,41034.54296875,0,0
2021-10-06,51486.6640625,55361.44921875,50488.19140625,55568.46484375,49034730168,0.0746704982911468,70.73954763420016,,47029.2725,50380.12109375,1,0,41034.54296875,0,1
2021-10-07,55338.625,53805.984375,53525.46875,55338.625,36807860413,-0.02809653406297008,65.85135084142121,,47209.3684375,51599.0203125,0,0,41034.54296875,0,0
2021-10-08,53802.14453125,53967.84765625,53688.0546875,55922.98046875,34800873924,0.0030082765538104184,66.11376217102695,,47354.373828125,52752.59921875,0,0,41564.36328125,0,0
2021-10-09,53929.78125,54968.22265625,53735.14453125,55397.9453125,32491211414,0.01853649985027972,67.76256493454434,,47466.954765625,53923.66328125,0,0,43790.89453125,0,0
2021-10-10,54952.8203125,54771.578125,54264.2578125,56401.3046875,39527792364,-0.003577422040362044,67.07170749096643,,47584.276484375,54575.01640625,0,0,47711.48828125,0,0
2021-10-11,54734.125,57484.7890625,54519.765625,57793.0390625,42637331698,0.04953684064585273,71.40376169304264,,47747.53921875,54999.684375,1,0,47711.48828125,0,1
2021-10-12,57526.83203125,56041.05859375,54477.97265625,57627.87890625,41083758949,-0.025114999851183484,66.39803489238922,,47877.437421875,55446.69921875,0,0,48199.953125,0,0
2021-10-13,56038.2578125,57401.09765625,54370.97265625,57688.66015625,41684252783,0.02426861834211813,68.6291514587173,,48071.33703125,56133.34921875,0,0,49112.90234375,0,0
2021-10-14,57372.83203125,57321.5234375,56957.07421875,58478.734375,36615791366,-0.001386283921372633,68.343222120354,,48238.55171875,56604.009375,0,0,51514.8125,0,0
2021-10-15,57345.90234375,61593.94921875,56868.14453125,62757.12890625,51780081801,0.07453440740995654,74.48885790710614,,48531.586328125,57968.48359375,1,0,53805.984375,0,1
2021-10-16,61609.52734375,60892.1796875,60206.12109375,62274.4765625,34250964237,-0.01139348166745524,72.01580947748197,,48768.2565625,58649.96171875,1,0,53805.984375,0,1
2021-10-17,60887.65234375,61553.6171875,59164.46875,61645.5234375,29032367511,0.01086243756414218,72.92811192468496,,49021.280859375,59752.4734375,1,0,53967.84765625,0,1
2021-10-18,61548.8046875,62026.078125,60012.7578125,62614.66015625,38055562075,0.007675599893030238,73.59040410019489,,49285.20578125,60677.46953125,1,0,54771.578125,0,1
2021-10-19,62043.1640625,64261.9921875,61622.93359375,64434.53515625,40471196346,0.036047967727284025,76.51817331576379,,49629.3459375,62065.56328125,1,0,54771.578125,0,1
2021-10-20,64284.5859375,65992.8359375,63610.67578125,66930.390625,40788955582,0.026934175102288238,78.50474870495393,,50005.86890625,62945.340625,1,0,56041.05859375,0,1
2021-10-21,66002.234375,62210.171875,62117.41015625,66600.546875,45908121370,-0.057319313661295834,65.46906275999234,,50273.131796875,63208.9390625,0,0,56041.05859375,0,0
2021-10-22,62237.890625,60692.265625,60122.796875,63715.0234375,38434082775,-0.024399647264276236,61.08568152681128,,50500.42265625,63036.66875,0,0,57321.5234375,0,0
2021-10-23,60694.62890625,61393.6171875,59826.5234375,61743.87890625,26882546034,0.011555863919028075,62.34033858575406,,50727.7875,62910.1765625,0,0,57321.5234375,0,0
2021-10-24,61368.34375,60930.8359375,59643.34375,61505.8046875,27316183882,-0.007537937512081094,60.944061319147416,,50947.51171875,62243.9453125,0,0,60692.265625,0,0
2021-10-25,60893.92578125,63039.82421875,60691.80078125,63729.32421875,31064911614,0.0346128236844363,64.81200488147695,,51173.24,61653.34296875,0,0,60692.265625,0,0
2021-10-26,63032.76171875,60363.79296875,59991.16015625,63229.02734375,34878965587,-0.04244985266320056,57.086479761942265,,51327.84515625,61284.0671875,0,0,60363.79296875,0,0
2021-10-27,60352.0,58482.38671875,58208.1875,61435.18359375,43657076893,-0.03116779376295975,52.360893584010185,,51561.2703125,60842.09140625,0,0,58482.38671875,0,0
2021-10-28,58470.73046875,60622.13671875,58206.91796875,62128.6328125,45257083247,0.03658793903693369,56.746308953579415,,51851.885234375,60687.7953125,0,0,58482.38671875,0,0
2021-10-29,60624.87109375,62227.96484375,60329.96484375,62927.609375,36856881767,0.02648913766352501,59.74150575529649,,52168.61609375,60947.22109375,0,0,58482.38671875,0,0
2021-10-30,62239.36328125,61888.83203125,60918.38671875,62330.14453125,32157938616,-0.005449845794435637,58.8152150342274,,52508.71453125,60717.02265625,0,0,58482.38671875,0,0
2021-10-31,61850.48828125,61318.95703125,60074.328125,62406.171875,32241199927,-0.009208042570786446,57.20998434197016,,52831.06453125,60908.05546875,0,0,58482.38671875,0,0
2021-11-01,61320.44921875,61004.40625,59695.18359375,62419.00390625,36150572843,-0.005129747739996526,56.296657498087214,,53129.887265625,61412.459375,0,0,58482.38671875,0,0
2021-11-02,60963.25390625,63226.40234375,60673.0546875,64242.79296875,37746665647,0.03642353446805324,61.02955369259164,,53495.153828125,61933.3125,0,0,58482.38671875,0,0
2021-11-03,63254.3359375,62970.046875,61184.23828125,63516.9375,36124731509,-0.004054563588107407,60.21927977136099,,53812.704921875,62081.72890625,0,0,58482.38671875,0,0
2021-11-04,62941.8046875,61452.23046875,60799.6640625,63123.2890625,32615846901,-0.024103783966732184,55.51929002190923,,54078.222578125,61994.40859375,0,0,58482.38671875,0,0
2021-11-05,61460.078125,61125.67578125,60844.609375,62541.46875,30605102446,-0.005313959884109654,54.53313948103212,,54345.06890625,61955.75234375,0,0,58482.38671875,0,0
2021-11-06,61068.875,61527.48046875,60163.78125,61590.68359375,29094934221,0.006573419146120196,55.5786651000435,45378.21443359375,54630.268125,62060.3671875,0,0,60622.13671875,0,0
2021-11-07,61554.921875,63326.98828125,61432.48828125,63326.98828125,24726754302,0.029247220896912562,60.01349143537733,45425.31892578125,54931.240625,62080.484375,0,0,61004.40625,0,0
2021-11-08,63344.06640625,67566.828125,63344.06640625,67673.7421875,41125608330,0.06695154718111462,68.0954710122636,45504.34169921875,55337.3728125,62999.840625,0,0,61004.40625,0,0
2021-11-09,67549.734375,66971.828125,66382.0625,68530.3359375,42357991721,-0.008806096371717143,66.07707098048068,45583.732578125,55819.933359375,64103.76015625,0,0,61004.40625,0,0
2021-11-10,66953.3359375,64995.23046875,63208.11328125,68789.625,48730828378,-0.029513867421399387,59.74195671369527,45658.45439453125,56305.964453125,64877.67109375,0,0,61004.40625,0,0
2021-11-11,64978.890625,64949.9609375,64180.48828125,65579.015625,35880633236,-0.0006965054346836919,59.601018178692364,45738.1829296875,56733.473515625,65562.1671875,0,0,61125.67578125,0,0
2021-11-12,64863.98046875,64155.94140625,62333.9140625,65460.81640625,36084893887,-0.01222509636324598,57.058407719446016,45788.8538671875,57118.690390625,65727.9578125,0,0,61125.67578125,0,0
2021-11-13,64158.12109375,64469.52734375,63303.734375,64915.67578125,30474228777,0.0048878705639170406,57.823660838023486,45836.03591796875,57551.2859375,65108.49765625,0,0,61125.67578125,0,0
2021-11-14,64455.37109375,65466.83984375,63647.80859375,65495.1796875,25122092191,0.015469517787564335,60.249852339696815,45889.2466015625,58006.290859375,64807.5,0,0,61125.67578125,0,0
2021-11-15,65521.2890625,63557.87109375,63548.14453125,66281.5703125,30558763548,-0.02915932332393234,53.86284092705286,45939.26041015625,58413.2775,64520.028125,0,0,61527.48046875,0,0
2021-11-16,63721.1953125,60161.24609375,59016.3359375,63721.1953125,46844335592,-0.05344145330150951,44.768909288313615,45951.31576171875,58771.7878125,63562.28515625,0,0,60161.24609375,0,0
2021-11-17,60139.62109375,60368.01171875,58515.41015625,60823.609375,39178392930,0.003436857419438999,45.37352719950491,45964.01556640625,59158.4571875,62804.69921875,0,0,60161.24609375,0,0
2021-11-18,60360.13671875,56942.13671875,56550.79296875,60948.5,41388338699,-0.05674983989800575,37.958906497928965,45965.570859375,59466.01265625,61299.22109375,0,0,56942.13671875,0,0
2021-11-19,56896.12890625,58119.578125,55705.1796875,58351.11328125,38702407772,0.020677857806173483,41.4973664880152,45970.16728515625,59752.586328125,59829.76875,0,0,56942.13671875,0,0
2021-11-20,58115.08203125,59697.1953125,57469.7265625,59859.87890625,30624264863,0.027144333086984274,45.945839692813664,46001.98556640625,59984.19140625,59057.63359375,0,0,56942.13671875,0,0
2021-11-21,59730.5078125,58730.4765625,58618.9296875,60004.42578125,26123447605,-0.01619370466132397,43.7504997600924,46008.51791015625,60204.571171875,58771.4796875,0,0,56942.13671875,0,0
2021-11-22,58706.84765625,56289.2890625,55679.83984375,59266.359375,35036121783,-0.041565940596482776,38.71932871520007,46007.98177734375,60366.357890625,57955.73515625,0,0,56289.2890625,0,0
2021-11-23,56304.5546875,57569.07421875,55632.76171875,57875.515625,37485803899,0.022735855747423095,42.45536849557799,46009.04513671875,60535.481328125,58081.12265625,0,0,56289.2890625,0,0
2021-11-24,57565.8515625,56280.42578125,55964.22265625,57803.06640625,36635566789,-0.02238438701660228,39.82267401614422,45996.42837890625,60630.79359375,57713.2921875,0,0,56280.42578125,0,0
2021-11-25,57165.41796875,57274.6796875,57146.68359375,59367.96875,34284016248,0.017666069374003168,42.77136184469017,45991.6401953125,60669.058203125,57228.7890625,0,0,56280.42578125,0,0
2021-11-26,58960.28515625,53569.765625,53569.765625,59183.48046875,41810748221,-0.06468677053655503,35.74302276985905,45980.1900390625,60664.333828125,56196.646875,0,0,53569.765625,0,0
2021-11-27,53736.4296875,54815.078125,53668.35546875,55329.2578125,30560857714,0.02324655494514305,39.350563861026544,45970.74255859375,60681.2784375,55901.8046875,0,0,53569.765625,0,0
2021-11-28,54813.0234375,57248.45703125,53576.734375,57393.84375,28116886357,0.044392510044424904,45.75877165584134,46011.23216796875,60726.883125,55837.68125,0,0,53569.765625,0,0
2021-11-29,57291.90625,57806.56640625,56792.52734375,58872.87890625,32370840356,0.009748898117819094,47.13834512985939,46051.68404296875,60787.582890625,56142.909375,0,0,53569.765625,0,0
2021-11-30,57830.11328125,57005.42578125,56057.28125,59113.40234375,36708594618,-0.013858989986877734,45.35508213444339,46087.30849609375,60777.995625,56089.05859375,0,0,53569.765625,0,0
2021-12-01,56907.96484375,57229.828125,56553.08203125,59041.68359375,36858195307,0.003936508510805847,45.9716292273753,46139.65669921875,60801.771015625,56821.07109375,0,0,53569.765625,0,0
2021-12-02,57217.37109375,56477.81640625,55895.1328125,57349.234375,32379968686,-0.013140205787574133,44.172945763400826,46189.76548828125,60783.305390625,57153.61875,0,0,53569.765625,0,0
2021-12-03,56509.1640625,53598.24609375,52496.5859375,57482.16796875,39789134215,-0.05098586481791345,38.03605885737748,46240.06916015625,60708.83984375,56423.5765625,0,0,53569.765625,0,0
2021-12-04,53727.87890625,49200.703125,42874.6171875,53904.6796875,61385677469,-0.08204639683653359,30.961745646531185,46271.5256640625,60460.974921875,54702.40390625,0,0,49200.703125,0,0
2021-12-05,49201.51953125,49368.84765625,47857.49609375,49768.1484375,37198201161,0.003417522933012007,31.48645949028342,46333.3576953125,60230.50828125,53175.08828125,0,0,49200.703125,0,0
2021-12-06,49413.48046875,50582.625,47281.03515625,50929.51953125,37707308001,0.02458589579002135,35.30871289485912,46382.35712890625,60011.0884375,51845.64765625,0,0,49200.703125,0,0
2021-12-07,50581.828125,50700.0859375,50175.80859375,51934.78125,33676814852,0.002322159783127109,35.68266007202509,46449.3341015625,59784.56859375,50690.1015625,0,0,49200.703125,0,0
2021-12-08,50667.6484375,50504.796875,48765.98828125,51171.375,28479699446,-0.00385184874717448,35.31713341521216,46514.174921875,59509.4246875,50071.41171875,0,0,49200.703125,0,0
2021-12-09,50450.08203125,47672.12109375,47358.3515625,50797.1640625,29603577251,-0.05608726213196957,30.445364870041182,46578.6826171875,59143.010390625,49765.6953125,0,0,47672.12109375,0,0
2021-12-10,47642.14453125,47243.3046875,47023.69921875,50015.25390625,30966005122,-0.00899511908452133,29.775752973856612,46621.36923828125,58843.673046875,49340.58671875,0,1,47243.3046875,1,0
2021-12-11,47264.6328125,49362.5078125,46942.34765625,49458.2109375,25775869261,0.044857216044006165,37.13444470212947,46676.1706640625,58617.077890625,49096.56328125,0,0,47243.3046875,0,0
2021-12-12,49354.85546875,50098.3359375,48725.8515625,50724.8671875,21939223599,0.014906619570362878,39.50484972964412,46730.19134765625,58391.172265625,48976.21328125,0,0,47243.3046875,0,0
2021-12-13,50114.7421875,46737.48046875,45894.84765625,50205.0,32166727776,-0.0670851717099511,33.32427755038825,46771.69390625,58107.30515625,48222.75,0,0,46737.48046875,0,0
2021-12-14,46709.82421875,46612.6328125,46424.49609375,48431.3984375,34638619079,-0.00267125345649466,33.11700368536387,46826.26904296875,57778.761328125,48010.85234375,0,0,46612.6328125,0,0
2021-12-15,48379.75390625,48896.72265625,46671.96484375,49473.95703125,36541828520,0.04900151967252708,40.41851254118128,46897.67232421875,57549.419921875,48341.5359375,0,0,46612.6328125,0,0
2021-12-16,48900.46484375,47665.42578125,47529.87890625,49425.57421875,27268150947,-0.025181582897818466,38.009582057199225,46957.60880859375,57333.080703125,48002.11953125,0,0,46612.6328125,0,0
2021-12-17,47653.73046875,46202.14453125,45618.21484375,48004.89453125,32902725329,-0.030699007215741814,35.315798574574174,47001.95525390625,57044.680859375,47222.88125,0,0,46202.14453125,0,0
2021-12-18,46219.25390625,46848.77734375,45598.44140625,47313.828125,26098292690,0.013995731563123393,37.426254830087586,47052.77451171875,56737.097109375,47245.140625,0,0,46202.14453125,0,0
2021-12-19,46853.8671875,46707.015625,46502.953125,48089.6640625,25154053861,-0.0030259427628138713,37.14016143212278,47098.43369140625,56433.46078125,47264.0171875,0,0,46202.14453125,0,0
2021-12-20,46707.0625,46880.27734375,45579.80859375,47401.71875,30961902129,0.003709543768351198,37.76632135906567,47136.79125,56144.6871875,46860.728125,0,0,46202.14453125,0,0
2021-12-21,46886.078125,48936.61328125,46698.7734375,49300.91796875,27055803928,0.04386356169401262,44.79489758685988,47197.00228515625,55903.331328125,47114.965625,0,0,46202.14453125,0,0
2021-12-22,48937.09765625,48628.51171875,48450.94140625,49544.796875,24447979559,-0.006295931447672265,43.99319749505811,47262.38505859375,55611.373515625,47600.2390625,0,0,46202.14453125,0,0
2021-12-23,48626.34375,50784.5390625,48065.8359375,51332.33984375,28223878108,0.04433669194360079,50.64932360645086,47336.995859375,55367.663359375,48387.39140625,0,0,46202.14453125,0,0
2021-12-24,50806.05078125,50822.1953125,50514.49609375,51814.02734375,24367912228,0.0007414904357732066,50.75939428326299,47423.30330078125,55155.06265625,49210.42734375,0,0,46202.14453125,0,0
2021-12-25,50854.91796875,50429.859375,50236.70703125,51176.59765625,19030650914,-0.007719775485643066,49.520124220502126,47508.08943359375,54941.146328125,49920.34375,0,0,46202.14453125,0,0
2021-12-26,50428.69140625,50809.515625,49623.10546875,51196.37890625,20964372926,0.0075284019171428795,50.77261191406991,47575.41140625,54726.78703125,50294.92421875,0,0,46202.14453125,0,0
2021-12-27,50802.609375,50640.41796875,50499.46875,51956.328125,24324345758,-0.003328070621613999,50.175468911561595,47645.1005078125,54473.055625,50697.30546875,0,0,46707.015625,0,0
2021-12-28,50679.859375,47588.85546875,47414.2109375,50679.859375,33430376883,-0.06025942562091624,40.840563318159084,47696.37279296875,54073.496171875,50058.16875,0,0,46707.015625,0,0
2021-12-29,47623.87109375,46444.7109375,46201.49609375,48119.7421875,30049226299,-0.02404227880624954,37.986943305490534,47750.83376953125,53662.953828125,49182.671875,0,0,46444.7109375,0,0
2021-12-30,46490.60546875,47178.125,46060.3125,47879.96484375,26686491018,0.01579112126431248,40.84047138426266,47791.23509765625,53306.61171875,48532.325,0,0,46444.7109375,0,0
2021-12-31,47169.37109375,46306.4453125,45819.953125,48472.52734375,36974172400,-0.018476352917798256,38.56888887763296,47821.67494140625,52933.74140625,47631.7109375,0,0,46306.4453125,0,0
2022-01-01,46311.74609375,47686.8125,46288.484375,47827.3125,24582667004,0.029809396471367267,43.89109787853281,47858.07765625,52604.358828125,47040.98984375,0,0,46306.4453125,0,0
2022-01-02,47680.92578125,47345.21875,46856.9375,47881.40625,27951569547,-0.007163274962024402,42.900570254490106,47903.0684375,52261.87265625,46992.2625,0,0,46306.4453125,0,0
2022-01-03,47343.54296875,46458.1171875,45835.96484375,47510.7265625,33071628362,-0.0187368774698079,40.35361836493163,47945.09150390625,51881.698203125,46994.94375,0,0,46306.4453125,0,0
2022-01-04,46458.8515625,45897.57421875,45752.46484375,47406.546875,42494677905,-0.012065555013512697,38.786650113014566,47995.64314453125,51528.492265625,46738.83359375,0,0,45897.57421875,0,0
2022-01-05,45899.359375,43569.00390625,42798.22265625,46929.046875,36851084859,-0.050734060615097554,33.045992500409824,48035.40880859375,51196.647421875,46191.3453125,0,0,43569.00390625,0,0
2022-01-06,43565.51171875,43160.9296875,42645.5390625,43748.71875,30208048289,-0.009366159015892994,32.14800984092109,48072.72197265625,50852.50578125,45286.16875,0,0,43160.9296875,0,0
2022-01-07,43153.5703125,41557.90234375,41077.4453125,43153.5703125,84196607520,-0.03714070469186992,28.83340651840216,48122.12801757813,50544.82109375,44128.70546875,0,1,41557.90234375,1,0
2022-01-08,41561.46484375,41733.94140625,40672.27734375,42228.94140625,28066355845,0.004235994902819673,29.690726369749715,48168.269423828126,50217.108359375,43183.8703125,0,1,41557.90234375,1,0
2022-01-09,41734.7265625,41911.6015625,41338.16015625,42663.94921875,21294384372,0.004256970472081845,30.599374552581732,48209.212294921876,49861.396484375,42386.67578125,0,0,41557.90234375,0,0
2022-01-10,41910.23046875,41821.26171875,39796.5703125,42199.484375,32104232331,-0.0021554853640055605,30.384340645340828,48245.006416015625,49523.2121875,42037.12734375,0,0,41557.90234375,0,0
2022-01-11,41819.5078125,42735.85546875,41407.75390625,43001.15625,26327648900,0.021869109453241498,35.33854002262473,48300.496796875,49252.143515625,41952.1125,0,0,41557.90234375,0,0
2022-01-12,42742.1796875,43949.1015625,42528.98828125,44135.3671875,33499938689,0.028389418684672707,41.305701766017215,48359.31091796875,48979.7440625,42430.35234375,0,0,41557.90234375,0,0
2022-01-13,43946.7421875,42591.5703125,42447.04296875,44278.421875,47691135082,-0.030888714484173407,37.17213097528292,48399.020546875,48705.966953125,42601.878125,0,0,41557.90234375,0,0
2022-01-14,42598.87109375,43099.69921875,41982.6171875,43346.6875,23577403399,0.011930269358978673,39.60826744301749,48442.34736328125,48422.46734375,42839.49765625,0,0,41557.90234375,0,0
2022-01-15,43101.8984375,43177.3984375,42669.03515625,43724.671875,18371348298,0.001802778677309158,39.99143607712104,48478.89546875,48214.62,43110.725,0,0,41557.90234375,0,0
2022-01-16,43172.0390625,43113.87890625,42691.0234375,43436.80859375,17902097845,-0.0014711291913973579,39.76929154293921,48519.26068359375,47980.596015625,43186.3296875,0,0,41557.90234375,0,0
2022-01-17,43118.12109375,42250.55078125,41680.3203125,43179.390625,21690904261,-0.020024366790964976,36.778947117932574,48562.6528515625,47680.637890625,42846.61953125,0,0,41733.94140625,0,0
2022-01-18,42250.07421875,42375.6328125,41392.21484375,42534.40234375,22417209227,0.0029604828561313745,37.51206406210201,48605.04578125,47372.01921875,42803.43203125,0,0,41821.26171875,0,0
2022-01-19,42374.0390625,41744.328125,41242.9140625,42478.3046875,23091543258,-0.014897823244158781,35.28790337259852,48640.4246875,47066.797265625,42532.3578125,0,0,41744.328125,0,0
2022-01-20,41744.02734375,40680.41796875,40672.82421875,43413.0234375,20382033940,-0.02548634039729203,31.85955084952066,48667.38787109375,46735.8090625,42032.96171875,0,0,40680.41796875,0,0
2022-01-21,40699.60546875,36457.31640625,35791.42578125,41060.52734375,43011992031,-0.10381165615712484,22.510675051122362,48680.94443359375,46335.3990625,40701.64921875,0,1,36457.31640625,1,0
2022-01-22,36471.58984375,35030.25,34349.25,36688.8125,39714385405,-0.039143484680769114,20.338765792464162,48684.91970703125,45964.039140625,39257.5890625,0,1,35030.25,1,0
2022-01-23,35047.359375,36276.8046875,34784.96875,36433.3125,26017975951,0.03558509252717301,26.967367856989867,48697.02708984375,45705.561171875,38037.8234375,0,1,35030.25,1,0
2022-01-24,36275.734375,36654.328125,33184.05859375,37247.51953125,41856658597,0.010406744495611076,28.897024151667072,48715.911875,45451.27078125,37019.8234375,0,1,35030.25,1,0
2022-01-25,36654.8046875,36954.00390625,35779.4296875,37444.5703125,26428189594,0.008175727030871549,30.467542438185706,48731.6918359375,45178.698359375,36274.540625,0,0,35030.25,0,0
2022-01-26,36950.515625,36852.12109375,36374.90625,38825.41015625,31324598034,-0.002757016878562668,30.223127030998608,48748.34984375,44901.7390625,36353.5015625,0,0,35030.25,0,0
2022-01-27,36841.87890625,37138.234375,35629.28125,37148.32421875,25041426629,0.007763821260712289,31.875901883077574,48762.840078125,44634.4078125,36775.0984375,0,0,35030.25,0,0
2022-01-28,37128.4453125,37784.33203125,36211.109375,37952.87890625,22238830523,0.017397102127314046,35.58633845046826,48785.9825,44436.65203125,37076.60390625,0,0,35030.25,0,0
2022-01-29,37780.71484375,38138.1796875,37406.47265625,38576.26171875,17194183075,0.00936493083845824,37.591148707951234,48813.16327148437,44254.54953125,37373.37421875,0,0,35030.25,0,0
2022-01-30,38151.91796875,37917.6015625,37437.7109375,38266.33984375,14643548444,-0.005783656346668664,36.82178633415705,48838.639541015626,44025.65140625,37566.09375,0,0,35030.25,0,0
2022-01-31,37920.28125,38483.125,36733.57421875,38647.26171875,20734730465,0.01491453610450133,40.20097397102078,48872.15151367187,43793.3471875,37892.29453125,0,0,35030.25,0,0
2022-02-01,38481.765625,38743.2734375,38113.6640625,39115.1328125,20288500328,0.00676006528835682,41.744580462409864,48908.760185546875,43633.463046875,38213.30234375,0,0,36276.8046875,0,0
2022-02-02,38743.71484375,36952.984375,36832.73046875,38834.6171875,19155189416,-0.046209029430310355,35.04101592687079,48935.859765625,43440.270078125,38047.0328125,0,0,36654.328125,0,0
2022-02-03,36944.8046875,37154.6015625,36375.5390625,37154.6015625,18591534769,0.005456046132945147,36.28197393047716,48962.648720703124,43205.42765625,37850.3171875,0,0,36852.12109375,0,0
2022-02-04,37149.265625,41500.875,37093.62890625,41527.78515625,29412210792,0.116978066100073,55.85860920742146,49016.063935546874,43082.136640625,38566.971875,0,0,36852.12109375,0,0
2022-02-05,41501.48046875,41441.1640625,41038.09765625,41847.1640625,19652846215,-0.001438787435204647,55.6058437641402,49074.233017578124,42986.91703125,39158.5796875,0,0,36952.984375,0,0
2022-02-06,41441.12109375,42412.43359375,41244.90625,42500.78515625,16142097334,0.023437312952531153,58.86642201721691,49125.74171875,42898.19015625,39892.41171875,0,0,36952.984375,0,0
2022-02-07,42406.78125,43840.28515625,41748.15625,44401.86328125,28641855926,0.033665872045371525,63.15112776092299,49183.3776171875,42840.855546875,41269.871875,0,0,36952.984375,0,0
2022-02-08,43854.65234375,44118.4453125,42807.8359375,45293.8671875,33079398868,0.0063448528050995545,63.93918292695626,49236.06208984375,42785.61890625,42662.640625,0,0,36952.984375,0,0
2022-02-09,44096.703125,44338.796875,43232.96875,44727.80078125,23245887300,0.004994545046617338,64.58531558396943,49286.29384765625,42693.662578125,43230.225,0,0,36952.984375,0,0
2022-02-10,44347.80078125,43565.11328125,43402.80859375,45661.171875,32142048537,-0.01744935921313273,60.48722347660013,49327.3684765625,42592.394609375,43655.01484375,0,0,36952.984375,0,0
2022-02-11,43571.12890625,42407.9375,42114.5390625,43810.83203125,26954925781,-0.026561982607033352,54.878420744119296,49352.72048828125,42424.862578125,43654.115625,0,0,36952.984375,0,0
2022-02-12,42412.30078125,42244.46875,41852.57421875,42992.55078125,18152390304,-0.0038546734323026133,54.11503412700951,49366.908125,42253.308046875,43334.95234375,0,0,37154.6015625,0,0
2022-02-13,42236.56640625,42197.515625,41950.94140625,42693.0546875,14741589015,-0.001111462077505676,53.883182249251995,49377.916171875,42088.661171875,42950.76640625,0,0,41441.1640625,0,0
2022-02-14,42157.3984375,42586.91796875,41681.95703125,42775.77734375,20827783012,0.009228086961576842,55.58284275403368,49390.80865234375,41924.20921875,42600.390625,0,0,41441.1640625,0,0
2022-02-15,42586.46484375,44575.203125,42491.03515625,44667.21875,22721659051,0.04668769779745485,63.067563528505474,49402.50693359375,41802.904921875,42802.40859375,0,0,42197.515625,0,0
2022-02-16,44578.27734375,43961.859375,43456.69140625,44578.27734375,19792547657,-0.013759752216496501,59.72418876382598,49414.18525390625,41730.365,43113.19296875,0,0,42197.515625,0,0
2022-02-17,43937.0703125,40538.01171875,40249.37109375,44132.97265625,26246662813,-0.07788223029977337,45.29040025877339,49417.00083984375,41612.231015625,42771.9015625,0,0,40538.01171875,0,0
2022-02-18,40552.1328125,40030.9765625,39637.6171875,40929.15234375,23310007704,-0.012507647384577658,43.60958360768022,49421.14599609375,41469.288046875,42338.59375,0,0,40030.9765625,0,0
2022-02-19,40026.0234375,40122.15625,39713.05859375,40418.87890625,13736557863,0.0022777282826873524,44.011979929523235,49430.991875,41345.602265625,41845.64140625,0,0,40030.9765625,0,0
2022-02-20,40118.1015625,38431.37890625,38112.8125,40119.890625,18340576452,-0.04214073972532317,38.52244504995029,49424.41125,41160.49359375,40616.8765625,0,0,38431.37890625,0,0
2022-02-21,38423.2109375,37075.28125,36950.4765625,39394.4375,29280402798,-0.03528620868790788,34.77588994660458,49405.4398828125,40955.09484375,39239.5609375,0,0,37075.28125,0,0
2022-02-22,37068.76953125,38286.02734375,36488.93359375,38359.85546875,25493150450,0.03265642371222732,40.353522211727224,49382.78751953125,40791.653046875,38789.1640625,0,0,37075.28125,0,0
2022-02-23,38285.28125,37296.5703125,37201.81640625,39122.39453125,21849073843,-0.025843815613622922,37.52904681818129,49346.4913671875,40619.63296875,38242.2828125,0,0,37075.28125,0,0
2022-02-24,37278.56640625,38332.609375,34459.21875,38968.83984375,46383802093,0.027778400368163814,42.09894671143006,49319.163828125,40514.905078125,37884.3734375,0,0,37075.28125,0,0
2022-02-25,38333.74609375,39214.21875,38111.34375,39630.32421875,26545599159,0.022998939789759643,45.736592196279716,49283.40791015625,40435.970859375,38040.94140625,0,0,37075.28125,0,0
2022-02-26,39213.08203125,39105.1484375,38702.53515625,40005.34765625,17467554129,-0.002781397053842838,45.35693412294085,49251.00849609375,40386.91578125,38446.91484375,0,0,37075.28125,0,0
2022-02-27,39098.69921875,37709.78515625,37268.9765625,39778.94140625,23450127612,-0.03568234201898368,40.7020340094121,49211.58923828125,40306.43265625,38331.66640625,0,0,37075.28125,0,0
2022-02-28,37706.0,43193.234375,37518.21484375,43760.45703125,35690014104,0.1454118392886461,58.65801736865935,49205.41396484375,40332.0653125,39510.99921875,0,0,37075.28125,0,0
2022-03-01,43194.50390625,44354.63671875,42952.5859375,44793.6015625,32479047645,0.026888524570001016,61.328984421117916,49188.220546875,40382.7328125,40715.4046875,0,0,37075.28125,0,0
2022-03-02,44357.6171875,43924.1171875,43432.8515625,45077.578125,29183112630,-0.009706302725009275,59.78700397862252,49172.35640625,40406.498046875,41657.384375,0,0,37075.28125,0,0
2022-03-03,43925.1953125,42451.7890625,41914.75,44021.578125,24967782593,-0.03351981142193561,54.71995334939758,49149.38033203125,40376.551796875,42326.7125,0,0,37296.5703125,0,0
2022-03-04,42458.140625,39137.60546875,38805.84765625,42479.61328125,28516271427,-0.07806935036049167,45.393816410934676,49115.0459375,40307.4725,42612.2765625,0,0,37296.5703125,0,0
2022-03-05,39148.44921875,39400.5859375,38777.03515625,39566.3359375,16975917450,0.00671938064683042,46.17769709167205,49088.5720703125,40233.490234375,41853.746875,0,0,37709.78515625,0,0
2022-03-06,39404.19921875,38419.984375,38211.6484375,39640.17578125,19745229902,-0.024887994408395286,43.660865010658625,49056.6660546875,40138.341953125,40666.81640625,0,0,37709.78515625,0,0
2022-03-07,38429.3046875,38062.0390625,37260.203125,39430.2265625,28546143503,-0.009316643885282638,42.745031782052294,49013.388359375,40037.30515625,39494.40078125,0,0,37709.78515625,0,0
2022-03-08,38059.90234375,38737.26953125,37957.38671875,39304.44140625,25776583476,0.017740259990833174,45.08512984395825,48960.378828125,39967.03953125,38751.496875,0,0,37709.78515625,0,0
2022-03-09,38742.81640625,41982.92578125,38706.09375,42465.671875,32284121034,0.08378639716414904,54.6746562498966,48925.76599609375,39959.185390625,39320.5609375,0,0,38062.0390625,0,0
2022-03-10,41974.0703125,39437.4609375,38832.94140625,42004.7265625,31078064711,-0.060630954045771346,47.64726067562512,48876.3450390625,39913.048046875,39327.9359375,0,0,38062.0390625,0,0
2022-03-11,39439.96875,38794.97265625,38347.43359375,40081.6796875,26364890465,-0.016291319622939393,46.03878325887765,48822.58916015625,39875.339140625,39402.93359375,0,0,38062.0390625,0,0
2022-03-12,38794.46484375,38904.01171875,38772.53515625,39308.59765625,14616450657,0.002810649293818468,46.36967735739643,48778.5786328125,39924.273046875,39571.328125,0,0,38062.0390625,0,0
2022-03-13,38884.7265625,37849.6640625,37728.14453125,39209.3515625,17300745310,-0.027101257933814904,43.58647100518581,48723.0230078125,39980.661328125,39393.80703125,0,0,37849.6640625,0,0
2022-03-14,37846.31640625,39666.75390625,37680.734375,39742.5,24322159070,0.0480080837903738,49.241060946699925,48686.64568359375,40048.4603125,38930.57265625,0,0,37849.6640625,0,0
2022-03-15,39664.25,39338.78515625,38310.2109375,39794.62890625,23934000868,-0.008268101563720931,48.30002555850402,48638.04626953125,40102.149453125,38910.8375,0,0,37849.6640625,0,0
2022-03-16,39335.5703125,41143.9296875,39022.34765625,41465.453125,39616916192,0.04588714481344902,53.56055846007165,48599.25390625,40185.94796875,39380.62890625,0,0,37849.6640625,0,0
2022-03-17,41140.84375,40951.37890625,40662.87109375,41287.53515625,22009601093,-0.00467993171076464,52.94175077237221,48559.861640625,40267.933125,39790.10234375,0,0,37849.6640625,0,0
2022-03-18,40944.83984375,41801.15625,40302.3984375,42195.74609375,34421564942,0.020750884742987363,55.391238757193925,48533.5925,40361.1915625,40580.40078125,0,0,37849.6640625,0,0
2022-03-19,41794.6484375,42190.65234375,41602.66796875,42316.5546875,19664853187,0.009317830622209256,56.508680207181115,48508.71232421875,40449.31796875,41085.18046875,0,0,37849.6640625,0,0
2022-03-20,42191.40625,41247.82421875,41004.7578125,42241.1640625,20127946682,-0.022346848712323064,53.04480994447249,48470.71630859375,40511.510859375,41466.98828125,0,0,37849.6640625,0,0
2022-03-21,41246.1328125,41077.99609375,40668.04296875,41454.41015625,24615543271,-0.004117262624553253,52.42148069577372,48429.46767578125,40574.71875,41453.8015625,0,0,37849.6640625,0,0
2022-03-22,41074.10546875,42358.80859375,40948.28125,43124.70703125,32004652376,0.031180014163224357,56.566791923916604,48391.13484375,40652.232421875,41735.2875,0,0,37849.6640625,0,0
2022-03-23,42364.37890625,42892.95703125,41877.5078125,42893.5078125,25242943069,0.012610091153007819,58.20232537023047,48355.87650390625,40735.22609375,41953.64765625,0,0,39338.78515625,0,0
2022-03-24,42886.65234375,43960.93359375,42726.1640625,44131.85546875,31042992291,0.024898646221148013,61.33716721586697,48316.91412109375,40875.385078125,42307.70390625,0,0,39338.78515625,0,0
2022-03-25,43964.546875,44348.73046875,43706.28515625,44999.4921875,30574413034,0.008821397620525806,62.438783705212316,48275.49009765625,41019.26765625,42927.88515625,0,0,40951.37890625,0,0
2022-03-26,44349.859375,44500.828125,44166.2734375,44735.99609375,16950455995,0.003429583093865096,62.88545068511271,48263.93859375,41079.26671875,43612.4515625,0,0,40951.37890625,0,0
2022-03-27,44505.35546875,46820.4921875,44437.29296875,46827.546875,28160889722,0.052126312256127294,68.9499360919957,48267.5841015625,41186.85328125,44504.78828125,0,0,41077.99609375,0,0
2022-03-28,46821.8515625,47128.00390625,46690.203125,48086.8359375,36362175703,0.0065678873583499,69.65774954496094,48271.26701171875,41281.1646875,45351.79765625,0,0,41077.99609375,0,0
2022-03-29,47100.4375,47465.73046875,47100.4375,48022.2890625,31397059069,0.0071661546110000085,70.45434561586555,48284.17611328125,41353.67359375,46052.75703125,1,0,41077.99609375,0,1
2022-03-30,47456.8984375,47062.6640625,46746.2109375,47655.1484375,29333883962,-0.008491735032190584,68.15459071940228,48293.4821484375,41412.55796875,46595.54375,0,0,41077.99609375,0,0
2022-03-31,47062.1484375,45538.67578125,45390.5390625,47512.02734375,33327427106,-0.03238210822970233,60.15878016333542,48290.8591796875,41436.555546875,46803.11328125,0,0,42358.80859375,0,0
2022-04-01,45554.1640625,46281.64453125,44403.140625,46616.2421875,38162644287,0.016315115388267687,62.470392518883514,48297.45203125,41490.886171875,46695.34375,0,0,42892.95703125,0,0
2022-04-02,46285.5,45868.94921875,45782.51171875,47028.28125,29336594194,-0.008917040798352427,60.37491696444069,48291.33431640625,41560.10640625,46443.5328125,0,0,43960.93359375,0,0
2022-04-03,45859.12890625,46453.56640625,45634.10546875,47313.4765625,25414397610,0.012745379989237415,62.30391311243911,48282.72041015625,41644.288359375,46241.1,0,0,44348.73046875,0,0
2022-04-04,46445.2734375,46622.67578125,45235.81640625,46791.08984375,32499785455,0.003640395949819908,62.86703395769327,48276.9169921875,41732.7915625,46153.10234375,0,0,44500.828125,0,0
2022-04-05,46624.5078125,45555.9921875,45544.80859375,47106.140625,29640604055,-0.02287907280900814,57.07532969780066,48268.35935546875,41792.173046875,46156.565625,0,0,45538.67578125,0,0
2022-04-06,45544.35546875,43206.73828125,43193.953125,45544.35546875,39393395788,-0.05156849392240015,46.84043552219345,48243.00123046875,41764.80375,45541.584375,0,0,43206.73828125,0,0
2022-04-07,43207.5,43503.84765625,42899.90625,43860.69921875,26101973106,0.006876459247305178,48.10781869310943,48224.219375,41755.643515625,45068.5640625,0,0,43206.73828125,0,0
2022-04-08,43505.13671875,42287.6640625,42183.2890625,43903.01953125,27215995394,-0.02795577079433975,43.532631093826666,48221.43869140625,41790.6365625,44235.38359375,0,0,42287.6640625,0,0
2022-04-09,42282.078125,42782.13671875,42183.25390625,42786.81640625,16050772496,0.011693070951357853,45.78998968581376,48231.88099609375,41845.659765625,43467.27578125,0,0,42287.6640625,0,0
2022-04-10,42781.08984375,42207.671875,42021.20703125,43376.37890625,17654475582,-0.013427680050824398,43.60884992907992,48225.04681640625,41887.370078125,42797.61171875,0,0,42207.671875,0,0
2022-04-11,42201.0390625,39521.90234375,39373.05859375,42424.58984375,33949912166,-0.06363225953812457,35.173258728166715,48198.18083984375,41909.180546875,42060.64453125,0,0,39521.90234375,0,0
2022-04-12,39533.71484375,40127.18359375,39388.328125,40617.5859375,30991500854,0.015315083892861292,38.08024692899016,48184.6180078125,41970.21859375,41385.31171875,0,0,39521.90234375,0,0
2022-04-13,40123.5703125,41166.73046875,39712.74609375,41430.0546875,27691105228,0.025906300465151855,42.82251062728358,48176.86869140625,42027.83265625,41161.125,0,0,39521.90234375,0,0
2022-04-14,41160.21875,39935.515625,39695.74609375,41451.48046875,24342001973,-0.029908006531745968,39.01163252311622,48160.50357421875,42080.6115625,40591.80078125,0,0,39521.90234375,0,0
2022-04-15,39939.40234375,40553.46484375,39866.83203125,40617.72265625,21756855753,0.015473675726454417,41.81061590656644,48152.09224609375,42125.028671875,40260.959375,0,0,39521.90234375,0,0
2022-04-16,40552.31640625,40424.484375,40078.42578125,40633.6796875,16833150693,-0.0031805042860567623,41.383703756498434,48149.041953125,42149.233984375,40441.47578125,0,0,39521.90234375,0,0
2022-04-17,40417.77734375,39716.953125,39620.89453125,40570.7265625,19087633042,-0.017502542356175654,39.02946294450823,48139.80490234375,42161.470078125,40359.4296875,0,0,39521.90234375,0,0
2022-04-18,39721.203125,40826.21484375,38696.19140625,40986.3203125,33705182072,0.027929174608607443,44.37245472382994,48124.98150390625,42223.798671875,40291.3265625,0,0,39521.90234375,0,0
2022-04-19,40828.17578125,41502.75,40618.6328125,41672.9609375,25303206547,0.016571096753378534,47.40000402481453,48091.910546875,42189.988984375,40604.7734375,0,0,39521.90234375,0,0
2022-04-20,41501.74609375,41374.37890625,40961.09765625,42126.30078125,27819532341,-0.003093074404708074,46.87864376787439,48060.225,42130.383828125,40768.95625,0,0,39521.90234375,0,0
2022-04-21,41371.515625,40527.36328125,40063.828125,42893.58203125,35372786395,-0.020471984048854197,43.48034622959292,48021.86205078125,42062.44875,40789.53203125,0,0,39716.953125,0,0
2022-04-22,40525.86328125,39740.3203125,39315.41796875,40777.7578125,28011716745,-0.019420038833716236,40.53960014274795,47974.999140625,42008.219375,40794.20546875,0,0,39716.953125,0,0
2022-04-23,39738.72265625,39486.73046875,39352.203125,39935.859375,16138021249,-0.0063811726165236005,39.61001821410001,47914.85873046875,42015.201875,40526.30859375,0,0,39486.73046875,0,0
2022-04-24,39478.375,39469.29296875,39233.5390625,39845.92578125,17964398167,-0.0004416040475622163,39.54287324442173,47835.39794921875,42016.576015625,40119.6171875,0,0,39469.29296875,0,0
2022-04-25,39472.60546875,40458.30859375,38338.37890625,40491.75390625,35445730570,0.025057850055308917,45.215328956651035,47768.6595703125,42057.3425,39936.403125,0,0,39469.29296875,0,0
