timestamp,value,value_classification,time_until_update,Open,Close,Low,High,Volume,change,RSI,SMA200,SMA50,SMA5,position,fear,greed,overbrough,oversell,10d_low,buy_ranking,sell_ranking
2022-05-21,13,Extreme Fear,,29199.859375,29432.2265625,29027.39453125,29588.869140625,17274840442,,,,,,0,1,0,0,0,,1,0
2022-05-22,14,Extreme Fear,,29432.47265625,30323.72265625,29275.18359375,30425.861328125,21631532270,0.030289794482822652,,,,,0,1,0,0,0,,1,0
2022-05-23,10,Extreme Fear,,30309.396484375,29098.91015625,28975.560546875,30590.5859375,31483454557,-0.04039123144227663,,,,,0,1,0,0,0,,1,0
2022-05-24,12,Extreme Fear,,29101.125,29655.5859375,28786.58984375,29774.35546875,26616506245,0.019130468401079792,,,,,0,1,0,0,0,,1,0
2022-05-25,11,Extreme Fear,,29653.134765625,29562.361328125,29384.94921875,30157.78515625,27525063551,-0.003143576713387941,,,,29614.561328125,0,1,0,0,0,,1,0
2022-05-26,12,Extreme Fear,,29564.77734375,29267.224609375,28261.90625,29834.16015625,36774325352,-0.009983529917456657,,,,29581.5609375,0,1,0,0,0,,1,0
2022-05-27,12,Extreme Fear,,29251.140625,28627.57421875,28326.61328125,29346.943359375,36582005748,-0.02185551924250806,,,,29242.33125,0,1,0,0,0,,1,0
2022-05-28,13,Extreme Fear,,28622.625,28814.900390625,28554.56640625,28814.900390625,35519577634,0.006543557286537771,,,,29185.529296875,0,1,0,0,0,,1,0
2022-05-29,14,Extreme Fear,,29019.8671875,29445.95703125,28841.107421875,29498.009765625,18093886409,0.02190035821988534,,,,29143.603515625,0,1,0,0,0,,1,0
2022-05-30,10,Extreme Fear,,29443.365234375,31726.390625,29303.572265625,31949.630859375,39277993274,0.07744470968730455,,,,29576.409375,0,1,0,0,0,28627.57421875,1,0
2022-05-31,16,Extreme Fear,,31723.865234375,31792.310546875,31286.154296875,32249.86328125,33538210634,0.0020777630413166825,,,,30081.4265625,0,1,0,0,0,28627.57421875,1,0
2022-06-01,17,Extreme Fear,,31792.5546875,29799.080078125,29501.587890625,31957.28515625,41135817341,-0.06269536357891181,,,,30315.727734375,0,1,0,0,0,28627.57421875,1,0
2022-06-02,13,Extreme Fear,,29794.890625,30467.48828125,29652.705078125,30604.734375,29083562061,0.02243049790035867,,,,30646.2453125,0,1,0,0,0,28627.57421875,1,0
2022-06-03,10,Extreme Fear,,30467.806640625,29704.390625,29375.689453125,30633.03515625,26175547452,-0.02504629358369581,,,,30697.93203125,0,1,0,0,0,28627.57421875,1,0
2022-06-04,14,Extreme Fear,,29706.138671875,29832.9140625,29500.005859375,29930.564453125,16588370958,0.004326748833952898,51.922870719111955,,,30319.23671875,0,1,0,0,0,28627.57421875,1,0
2022-06-05,10,Extreme Fear,,29835.1171875,29906.662109375,29574.44921875,30117.744140625,17264085441,0.00247203631266113,52.28657639108063,,,29942.10703125,0,1,0,0,0,28627.57421875,1,0
2022-06-06,13,Extreme Fear,,29910.283203125,31370.671875,29894.1875,31693.291015625,31947336829,0.048952630028413324,58.92897878861927,,,30256.425390625,0,1,0,0,0,28814.900390625,1,0
2022-06-07,15,Extreme Fear,,31371.7421875,31155.478515625,29311.68359375,31489.68359375,40770974039,-0.006859698773187373,57.6583565953938,,,30394.0234375,0,1,0,0,0,29445.95703125,1,0
2022-06-08,17,Extreme Fear,,31151.48046875,30214.35546875,29944.404296875,31253.69140625,30242059107,-0.03020730515832104,52.342822746495976,,,30496.01640625,0,1,0,0,0,29704.390625,1,0
2022-06-09,11,Extreme Fear,,30215.279296875,30111.998046875,30020.265625,30609.310546875,21692004719,-0.003387708269364409,51.78366413396586,,,30551.833203125,0,1,0,0,0,29704.390625,1,0
2022-06-10,13,Extreme Fear,,30110.330078125,29083.8046875,28978.146484375,30245.80859375,29867476527,-0.03414563715680452,46.41931821077018,,,30387.26171875,0,1,0,0,0,29083.8046875,1,0
2022-06-11,12,Extreme Fear,,29084.666015625,28360.810546875,28236.212890625,29401.916015625,27246574439,-0.024858994495164377,43.04279939629581,,,29785.289453125,0,1,0,0,0,28360.810546875,1,0
2022-06-12,14,Extreme Fear,,28373.513671875,26762.6484375,26762.6484375,28502.685546875,34163220274,-0.056351073137826724,36.68970420515199,,,28906.7234375,0,1,0,0,0,26762.6484375,1,0
2022-06-13,11,Extreme Fear,,26737.578125,22487.388671875,22141.2578125,26795.58984375,68204556440,-0.15974726027617203,25.743230111547515,,,27361.330078125,0,1,0,0,1,22487.388671875,2,0
2022-06-14,8,Extreme Fear,,22487.986328125,22206.79296875,20950.818359375,23018.951171875,50913575242,-0.012477914053041661,25.21157114099872,,,25780.2890625,0,1,0,0,1,22206.79296875,2,0
2022-06-15,7,Extreme Fear,,22196.73046875,22572.83984375,20178.376953125,22642.671875,54912007015,0.01648355417709846,27.32031350653034,,,24478.09609375,0,1,0,0,1,22206.79296875,2,0
2022-06-16,7,Extreme Fear,,22576.3046875,20381.650390625,20265.2265625,22868.921875,31183975654,-0.09707194434960298,23.118173312818893,,,22882.2640625,0,1,0,0,1,20381.650390625,2,0
2022-06-17,9,Extreme Fear,,20385.71875,20471.482421875,20326.51953125,21243.3125,27132421514,0.004407495444594733,23.63674080584996,,,21624.030859375,0,1,0,0,1,20381.650390625,2,0
2022-06-18,6,Extreme Fear,,20473.42578125,19017.642578125,17708.623046875,20736.041015625,42009436760,-0.07101780974085614,21.150351058805335,,,20930.081640625,0,1,0,0,1,19017.642578125,2,0
2022-06-19,6,Extreme Fear,,19010.90234375,20553.271484375,18067.15234375,20683.822265625,35329942625,0.0807475952890373,29.576924253391727,,,20599.37734375,0,1,0,0,1,19017.642578125,2,0
2022-06-20,9,Extreme Fear,,20553.37109375,20599.537109375,19689.169921875,20913.322265625,30818458597,0.002251010260589048,29.820267769229762,,,20204.716796875,0,1,0,0,1,19017.642578125,2,0
2022-06-21,9,Extreme Fear,,20594.294921875,20710.59765625,20415.0625,21620.62890625,28970212744,0.0053914098304885805,30.441623465672592,,,20270.50625,0,1,0,0,0,19017.642578125,1,0
2022-06-22,11,Extreme Fear,,20719.4140625,19987.029296875,19848.078125,20835.75,28574793478,-0.034937106663198714,28.66118424924743,,,20173.615625,0,1,0,0,1,19017.642578125,2,0
2022-06-23,11,Extreme Fear,,19986.607421875,21085.876953125,19950.1171875,21135.76171875,26188097173,0.05497803800296652,34.88926901682943,,,20587.2625,0,1,0,0,0,19017.642578125,1,0
2022-06-24,11,Extreme Fear,,21084.6484375,21231.65625,20777.51171875,21472.91796875,24957784918,0.006913598955313738,35.69139166516473,,,20722.939453125,0,1,0,0,0,19017.642578125,1,0
2022-06-25,14,Extreme Fear,,21233.609375,21502.337890625,20964.5859375,21520.9140625,18372538715,0.012748964915301864,37.23748663458029,,,20903.499609375,0,1,0,0,0,19017.642578125,1,0
2022-06-26,14,Extreme Fear,,21496.494140625,21027.294921875,21016.26953125,21783.724609375,18027170497,-0.02209261947079333,35.619005566340824,,,20966.8390625,0,1,0,0,0,19017.642578125,1,0
2022-06-27,12,Extreme Fear,,21028.23828125,20735.478515625,20620.19921875,21478.08984375,20965695707,-0.013877981325425726,34.62346427752694,,,21116.52890625,0,1,0,0,0,19017.642578125,1,0
2022-06-28,10,Extreme Fear,,20731.544921875,20280.634765625,20228.8125,21164.423828125,21381535161,-0.02193553187871977,33.07188611013462,,,20955.48046875,0,1,0,0,0,19987.029296875,1,0
2022-06-29,13,Extreme Fear,,20281.169921875,20104.0234375,19937.791015625,20364.15625,23552740328,-0.008708372798288844,32.463554726990374,,,20729.95390625,0,1,0,0,0,19987.029296875,1,0
2022-06-30,11,Extreme Fear,,20108.3125,19784.7265625,18729.65625,20141.16015625,26267239923,-0.01588223750298734,31.341131301689355,,,20386.431640625,0,1,0,0,0,19784.7265625,1,0
2022-07-01,11,Extreme Fear,,19820.470703125,19269.3671875,19073.708984375,20632.671875,30767551159,-0.02604834458398897,29.56436850487541,,,20034.84609375,0,1,0,0,1,19269.3671875,2,0
2022-07-02,14,Extreme Fear,,19274.8359375,19242.255859375,19027.08203125,19371.748046875,18100418740,-0.0014069651515379311,29.469719493715047,,,19736.2015625,0,1,0,0,1,19242.255859375,2,0
2022-07-03,11,Extreme Fear,,19242.095703125,19297.076171875,18966.951171875,19558.26953125,16390821947,0.002848954556089245,29.95801342472885,,,19539.48984375,0,1,0,0,1,19242.255859375,2,0
2022-07-04,14,Extreme Fear,,19297.314453125,20231.26171875,19063.06640625,20258.748046875,21594638208,0.04841073013105235,37.853819573331386,,,19564.9375,0,1,0,0,0,19242.255859375,1,0
2022-07-05,19,Extreme Fear,,20225.353515625,20190.115234375,19341.232421875,20635.466796875,26715546990,-0.0020338071321012174,37.6524861153181,,,19646.015234375,0,1,0,0,0,19242.255859375,1,0
2022-07-06,18,Extreme Fear,,20194.619140625,20548.24609375,19823.51171875,20595.529296875,24598943708,0.017737930428710857,40.61315729222966,,,19901.791015625,0,1,0,0,0,19242.255859375,1,0
2022-07-07,18,Extreme Fear,,20547.814453125,21637.587890625,20296.103515625,21771.81640625,25814972520,0.053013857820514154,48.60742231970546,,,20380.857421875,0,1,0,0,0,19242.255859375,1,0
2022-07-08,20,Extreme Fear,,21637.154296875,21731.1171875,21257.453125,22314.94140625,49899834488,0.004322538045727464,49.239229699995235,,,20867.665625,0,1,0,0,0,19242.255859375,1,0
2022-07-09,24,Extreme Fear,,21716.828125,21592.20703125,21445.95703125,21877.138671875,29641127858,-0.006392223420980114,48.289697295383746,,24859.9392578125,21139.8546875,0,1,0,0,0,19242.255859375,1,0
2022-07-10,24,Extreme Fear,,21591.080078125,20860.44921875,20727.123046875,21591.080078125,28688807249,-0.03388990349346599,43.52776753541555,,24688.5037109375,21273.921484375,0,1,0,0,0,19242.255859375,1,0
2022-07-11,22,Extreme Fear,,20856.353515625,19970.556640625,19924.5390625,20856.353515625,24150249025,-0.04265931997884009,38.54925716550465,,24481.440390625,21158.38359375,0,1,0,0,0,19242.255859375,1,0
2022-07-12,16,Extreme Fear,,19970.474609375,19323.9140625,19308.53125,20043.4453125,25810220018,-0.03237979740682695,35.38237837782906,,24285.94046875,20695.648828125,0,1,0,0,0,19297.076171875,1,0
2022-07-13,15,Extreme Fear,,19325.97265625,20212.07421875,18999.953125,20223.052734375,33042430345,0.04596171114078618,42.383591282734855,,24097.070234375,20391.840234375,0,1,0,0,0,19323.9140625,1,0
2022-07-14,18,Extreme Fear,,20211.466796875,20569.919921875,19689.2578125,20789.89453125,31158743333,0.017704551212910147,44.97064781880902,,23917.22140625,20187.3828125,0,1,0,0,0,19323.9140625,1,0
2022-07-15,15,Extreme Fear,,20573.15625,20836.328125,20397.0,21138.244140625,25905575359,0.012951348577769028,46.88283793190134,,23748.6034765625,20182.55859375,0,1,0,0,0,19323.9140625,1,0
2022-07-16,21,Extreme Fear,,20834.103515625,21190.31640625,20518.8984375,21514.404296875,24302954056,0.01698899533192111,49.39890690264419,,23599.8583203125,20426.510546875,0,1,0,0,0,19323.9140625,1,0
2022-07-17,24,Extreme Fear,,21195.041015625,20779.34375,20778.1796875,21600.640625,22927802083,-0.01939436147960416,46.63689207945371,,23439.1471875,20717.596484375,0,1,0,0,0,19323.9140625,1,0
2022-07-18,20,Extreme Fear,,20781.912109375,22485.689453125,20781.912109375,22633.033203125,39974475562,0.08211740099467768,57.30965986413846,,23299.9418359375,21172.31953125,0,1,0,0,0,19323.9140625,1,0
2022-07-19,30,Fear,,22467.849609375,23389.43359375,21683.40625,23666.962890625,48765202697,0.0401919693193753,61.680987948734355,,23133.2026953125,21736.222265625,0,0,0,0,0,19323.9140625,0,0
2022-07-20,31,Fear,,23393.19140625,23231.732421875,23009.94921875,24196.818359375,42932549127,-0.006742410894342465,60.516508677351524,,22961.9911328125,22215.303125,0,0,0,0,0,19323.9140625,0,0
2022-07-21,34,Fear,,23233.201171875,23164.62890625,22431.1484375,23388.322265625,33631012204,-0.0028884421706671937,59.99745969925537,,22829.302109375,22610.165625,0,0,0,0,0,19323.9140625,0,0
2022-07-22,33,Fear,,23163.751953125,22714.978515625,22603.416015625,23671.927734375,31421555646,-0.01941107679491816,56.50042019913938,,22674.2519140625,22997.292578125,0,0,0,0,0,20212.07421875,0,0
2022-07-23,31,Fear,,22706.984375,22465.478515625,22002.91015625,22977.2109375,24021799169,-0.010983941711781742,54.59876932620828,,22529.473671875,22993.250390625,0,0,0,0,0,20569.919921875,0,0
2022-07-24,30,Fear,,22465.509765625,22609.1640625,22306.83984375,22974.001953125,23565495303,0.006395837363315726,55.52709806827384,,22384.998671875,22837.196484375,0,0,0,0,0,20779.34375,0,0
2022-07-25,30,Fear,,22607.15625,21361.701171875,21361.642578125,22649.12109375,35574561406,-0.05517510011323534,46.61535941315786,,22214.099453125,22463.190234375,0,0,0,0,0,20779.34375,0,0
2022-07-26,26,Fear,,21361.12109375,21239.75390625,20776.81640625,21361.12109375,28624673855,-0.005708686992848544,45.840828005603775,,22011.48109375,22078.215234375,0,1,0,0,0,20779.34375,1,0
2022-07-27,28,Fear,,21244.169921875,22930.548828125,21070.806640625,22986.529296875,31758955233,0.0796052030234431,56.60644209330579,,21846.9825,22121.329296875,0,1,0,0,0,21239.75390625,1,0
2022-07-28,32,Fear,,22933.640625,23843.88671875,22722.265625,24110.470703125,40212386158,0.0398306162434614,61.104187449588586,,21719.573125,22397.0109375,0,0,0,0,0,21239.75390625,0,0
2022-07-29,39,Fear,,23845.212890625,23804.6328125,23481.173828125,24294.787109375,35887249746,-0.0016462880701044735,60.81244598102692,,21593.4258203125,22636.1046875,0,0,0,0,0,21239.75390625,0,0
2022-07-30,42,Fear,,23796.818359375,23656.20703125,23580.5078125,24572.580078125,28148218301,-0.006235163651508224,59.65268541790346,,21484.8738671875,23095.005859375,0,0,0,0,0,21239.75390625,0,0
2022-07-31,39,Fear,,23652.0703125,23336.896484375,23275.703125,24121.642578125,23553591896,-0.013497960448739299,57.128522064609044,,21384.3955859375,23514.434375,0,0,0,0,0,21239.75390625,0,0
2022-08-01,33,Fear,,23336.71875,23314.19921875,22890.796875,23464.787109375,25849159141,-0.0009725914343493569,56.94407109998768,,21315.4266015625,23591.164453125,0,0,0,0,0,21239.75390625,0,0
2022-08-02,31,Fear,,23308.43359375,22978.1171875,22710.083984375,23415.041015625,28389250717,-0.014415336683737068,54.15583445635115,,21325.241171875,23418.010546875,0,0,0,0,0,21239.75390625,0,0
2022-08-03,34,Fear,,22981.302734375,22846.5078125,22747.8359375,23578.650390625,26288169966,-0.0057275961266136655,53.06017395954111,,21338.03546875,23226.385546875,0,0,0,0,0,21239.75390625,0,0
2022-08-04,30,Fear,,22848.21484375,22630.95703125,22485.701171875,23198.009765625,25120229769,-0.009434736504108754,51.23199186548265,,21339.1978125,23021.335546875,0,0,0,0,0,21239.75390625,0,0
2022-08-05,31,Fear,,22626.833984375,23289.314453125,22612.177734375,23422.828125,28881249043,0.029091011085651708,56.19629656122305,,21397.35109375,23011.819140625,0,0,0,0,0,22630.95703125,0,0
2022-08-06,31,Fear,,23291.423828125,22961.279296875,22961.279296875,23326.5625,15978259885,-0.014085221654344782,53.28572914813998,,21447.14703125,22941.23515625,0,0,0,0,0,22630.95703125,0,0
2022-08-07,30,Fear,,22963.505859375,23175.890625,22894.556640625,23359.009765625,15886817043,0.009346662498644243,54.93036934628189,,21530.3119921875,22980.78984375,0,0,0,0,0,22630.95703125,0,0
2022-08-08,30,Fear,,23179.52734375,23809.486328125,23176.546875,24203.689453125,28575544847,0.02733856978257987,59.46738440758841,,21595.4362890625,23173.385546875,0,0,0,0,0,22630.95703125,0,0
2022-08-09,42,Fear,,23811.484375,23164.318359375,22982.0,23898.615234375,23555719219,-0.02709709734425869,53.55538201757486,,21646.7319140625,23280.0578125,0,0,0,0,0,22630.95703125,0,0
2022-08-10,31,Fear,,23162.8984375,23947.642578125,22771.51953125,24127.4140625,32837431722,0.033815983988709775,58.89819637133079,,21711.4728125,23411.7234375,0,0,0,0,0,22630.95703125,0,0
2022-08-11,41,Fear,,23948.345703125,23957.529296875,23900.99609375,24822.62890625,37127036580,0.00041284726535173455,58.96236346049919,,21790.8828125,23610.9734375,0,0,0,0,0,22630.95703125,0,0
2022-08-12,42,Fear,,23957.203125,24402.818359375,23657.265625,24412.56640625,27265804688,0.018586602023192844,61.851100464213204,,21857.221640625,23856.358984375,0,0,0,0,0,22630.95703125,0,0
2022-08-13,46,Fear,,24402.1875,24424.068359375,24346.115234375,24860.05078125,22987346289,0.0008708010561344626,61.988612583558634,,21921.0698828125,23979.275390625,0,0,0,0,0,22630.95703125,0,0
2022-08-14,47,Neutral,,24429.056640625,24319.333984375,24206.259765625,24974.9140625,22994133555,-0.004288162539464846,60.82487468426956,,21977.4098046875,24210.278515625,0,0,0,0,0,22961.279296875,0,0
2022-08-15,45,Fear,,24318.31640625,24136.97265625,23839.775390625,25135.58984375,35123501685,-0.007498615226969818,58.756508507971006,,22039.603359375,24248.14453125,0,0,0,0,0,22961.279296875,0,0
2022-08-16,44,Fear,,24126.13671875,23883.291015625,23733.5,24228.416015625,27753685646,-0.010510085263709001,55.90835187871201,,22102.559609375,24233.296875,0,0,0,0,0,23164.318359375,0,0
2022-08-17,41,Fear,,23881.31640625,23335.998046875,23243.353515625,24407.05859375,30931623076,-0.02291530796119967,50.24918589056452,,22163.666875,24019.9328125,0,0,0,0,0,23164.318359375,0,0
2022-08-18,30,Fear,,23341.0390625,23212.73828125,23177.6015625,23563.83203125,23747613147,-0.005281958173694035,49.04509985991721,,22225.841171875,23777.666796875,0,0,0,0,0,23164.318359375,0,0
2022-08-19,33,Fear,,23213.3125,20877.552734375,20868.84765625,23213.3125,40509610260,-0.10059931398792521,32.940662483347815,,22247.6976953125,23089.310546875,0,0,0,0,0,20877.552734375,0,0
2022-08-20,29,Fear,,20872.841796875,21166.060546875,20856.73046875,21350.806640625,27595671000,0.013819043648011897,35.74776974771319,,22285.6315625,22495.128125,0,1,0,0,0,20877.552734375,1,0
2022-08-21,27,Fear,,21160.392578125,21534.12109375,21103.197265625,21668.845703125,23102307723,0.01738918520335342,39.24198533182779,,22331.4688671875,22025.294140625,0,1,0,0,0,20877.552734375,1,0
2022-08-22,29,Fear,,21531.462890625,21398.908203125,20939.18359375,21531.462890625,31666498758,-0.006279006699941081,38.41546955313105,,22373.5055078125,21637.876171875,0,1,0,0,0,20877.552734375,1,0
2022-08-23,28,Fear,,21401.044921875,21528.087890625,20955.138671875,21646.203125,31878280659,0.006036741981122917,39.72170643702468,,22399.44203125,21300.94609375,0,1,0,0,0,20877.552734375,1,0
2022-08-24,25,Extreme Fear,,21526.455078125,21395.01953125,21195.005859375,21783.076171875,31962253368,-0.006181150878381003,38.80855452759232,,22423.5401171875,21404.439453125,0,1,0,0,0,20877.552734375,1,0
2022-08-25,25,Extreme Fear,,21395.458984375,21600.904296875,21362.44140625,21789.63671875,31028679593,0.009623023027591993,41.065989373225996,,22444.59328125,21491.408203125,0,1,0,0,0,20877.552734375,1,0
2022-08-26,27,Fear,,21596.0859375,20260.01953125,20199.482421875,21804.908203125,42326789564,-0.06207539958496022,32.62448106501691,,22417.0419140625,21236.587890625,0,1,0,0,0,20260.01953125,1,0
2022-08-27,28,Fear,,20262.48046875,20041.73828125,19890.5234375,20340.775390625,30116729776,-0.010773990107132536,31.48969025643458,,22383.2543359375,20965.15390625,0,1,0,0,0,20041.73828125,1,0
2022-08-28,28,Fear,,20041.03515625,19616.814453125,19616.814453125,20139.0546875,24366810591,-0.021201944769558057,29.34950065139532,,22343.746484375,20582.89921875,0,1,0,0,1,19616.814453125,2,0
2022-08-29,24,Extreme Fear,,19615.154296875,20297.994140625,19600.78515625,20357.462890625,32637854078,0.03472427641744291,36.768611611054055,,22332.4973828125,20363.494140625,0,1,0,0,0,19616.814453125,1,0
2022-08-30,27,Fear,,20298.611328125,19796.80859375,19617.640625,20542.64453125,34483360283,-0.024691382971281484,33.94422549920702,,22329.022421875,20002.675,0,1,0,0,0,19616.814453125,1,0
2022-08-31,23,Extreme Fear,,19799.58203125,20049.763671875,19799.58203125,20420.990234375,33225232872,0.012777568511970205,36.59164562294186,,22343.5394140625,19960.623828125,0,1,0,0,0,19616.814453125,1,0
2022-09-01,20,Extreme Fear,,20050.498046875,20127.140625,19653.96875,20198.390625,30182031010,0.0038592451457939436,37.417902518487544,,22341.8407421875,19977.704296875,0,1,0,0,0,19616.814453125,1,0
2022-09-02,25,Extreme Fear,,20126.072265625,19969.771484375,19814.765625,20401.568359375,29123998928,-0.007818752974256604,36.37961102013237,,22329.8377734375,20048.295703125,0,1,0,0,0,19616.814453125,1,0
2022-09-03,21,Extreme Fear,,19969.71875,19832.087890625,19698.35546875,20037.009765625,23613051457,-0.006894600364241943,35.45270326071778,,22309.75296875,19955.114453125,0,1,0,0,0,19616.814453125,1,0
2022-09-04,20,Extreme Fear,,19832.470703125,19986.712890625,19636.81640625,19999.689453125,25245861652,0.007796708085036963,37.38226217550568,,22285.6808984375,19993.0953125,0,1,0,0,0,19616.814453125,1,0
2022-09-05,23,Extreme Fear,,19988.7890625,19812.37109375,19673.046875,20031.16015625,28813460025,-0.008722884940063236,36.07287748137979,,22266.3414453125,19945.616796875,0,1,0,0,0,19616.814453125,1,0
2022-09-06,22,Extreme Fear,,19817.724609375,18837.66796875,18800.171875,20155.26953125,43403978910,-0.04919669232863699,29.790368950907432,,22193.381015625,19687.722265625,0,1,0,0,1,18837.66796875,2,0
2022-09-07,24,Extreme Fear,,18837.68359375,19290.32421875,18644.466796875,19427.171875,35239757134,0.024029314602578067,35.415843190425136,,22111.398828125,19551.8328125,0,1,0,0,0,18837.66796875,1,0
2022-09-08,20,Extreme Fear,,19289.94140625,19329.833984375,19076.71484375,19417.3515625,32194477850,0.0020481649337233954,35.898624461795436,,22033.360859375,19451.38203125,0,1,0,0,0,18837.66796875,1,0
2022-09-09,22,Extreme Fear,,19328.140625,21381.15234375,19310.962890625,21439.41015625,48469528171,0.10612188190716765,54.79333326231123,,21997.691328125,19730.269921875,0,1,0,0,0,18837.66796875,1,0
2022-09-10,28,Fear,,21376.912109375,21680.5390625,21168.72265625,21760.275390625,36913738894,0.014002365912589188,56.79499664312192,,21977.0025390625,20103.903515625,0,1,0,0,0,18837.66796875,1,0
2022-09-11,26,Fear,,21678.54296875,21769.255859375,21406.9453125,21770.552734375,34493951963,0.004092001431295067,57.39698337027068,,21963.0780859375,20690.22109375,0,1,0,0,0,18837.66796875,1,0
2022-09-12,25,Extreme Fear,,21770.1484375,22370.44921875,21603.896484375,22439.181640625,50212088965,0.027616624254801714,61.32913095418366,,21958.3037890625,21306.24609375,0,1,0,0,0,18837.66796875,1,0
2022-09-13,34,Fear,,22371.48046875,20296.70703125,20062.669921875,22673.8203125,51091116622,-0.09270006906083372,45.67058841446842,,21937.00390625,21499.620703125,0,0,0,0,0,18837.66796875,0,0
2022-09-14,27,Fear,,20184.5546875,20241.08984375,19793.396484375,20467.201171875,37872380889,-0.0027402074343571003,45.33626315519856,,21917.030625,21271.608203125,0,1,0,0,0,18837.66796875,1,0
2022-09-15,28,Fear,,20242.2890625,19701.2109375,19636.734375,20318.166015625,36389011503,-0.026672422800232853,42.11351689363172,,21852.4438671875,20875.742578125,0,1,0,0,0,18837.66796875,1,0
2022-09-16,20,Extreme Fear,,19704.005859375,19772.583984375,19400.076171875,19870.62890625,30123362273,0.003622774615297697,42.69348875542439,,21771.0178125,20476.408203125,0,1,0,0,0,19290.32421875,1,0
2022-09-17,22,Extreme Fear,,19777.033203125,20127.576171875,19777.033203125,20162.53125,24957448100,0.017953757980268437,45.612259709327894,,21697.4766796875,20027.83359375,0,1,0,0,0,19329.833984375,1,0
2022-09-18,27,Fear,,20127.234375,19419.505859375,19387.4921875,20127.234375,31254779144,-0.035179114785287124,41.114153808611434,,21612.74265625,19852.393359375,0,1,0,0,0,19419.505859375,1,0
2022-09-19,21,Extreme Fear,,19418.572265625,19544.12890625,18390.318359375,19639.48046875,40177002624,0.006417415961943007,42.19464888788747,,21536.8873046875,19713.001171875,0,1,0,0,0,19419.505859375,1,0
2022-09-20,23,Extreme Fear,,19545.591796875,18890.7890625,18813.455078125,19602.45703125,36791346508,-0.033428956945789956,38.23382870836841,,21448.4191015625,19550.916796875,0,1,0,0,0,18890.7890625,1,0
2022-09-21,23,Extreme Fear,,18891.283203125,18547.400390625,18290.314453125,19674.630859375,46363793975,-0.018177571658806957,36.3048649116085,,21359.804765625,19305.880078125,0,1,0,0,0,18547.400390625,1,0
2022-09-22,22,Extreme Fear,,18534.650390625,19413.55078125,18415.591796875,19456.91015625,41135767926,0.04669928789927913,43.98194913467919,,21291.145625,19163.075,0,1,0,0,0,18547.400390625,1,0
2022-09-23,20,Extreme Fear,,19412.400390625,19297.638671875,18617.552734375,19464.671875,38896078052,-0.005970680514919002,43.23100851581452,,21224.4792578125,19138.7015625,0,1,0,0,0,18547.400390625,1,0
2022-09-24,24,Extreme Fear,,19296.990234375,18937.01171875,18861.974609375,19310.197265625,26149643168,-0.01868762076318642,40.89173645328793,,21137.433203125,19017.278125,0,1,0,0,0,18547.400390625,1,0
2022-09-25,24,Extreme Fear,,18936.310546875,18802.09765625,18696.46875,19134.732421875,23359966112,-0.007124358610731463,40.019290618194674,,21054.2495703125,18999.53984375,0,1,0,0,0,18547.400390625,1,0
2022-09-26,21,Extreme Fear,,18803.900390625,19222.671875,18721.28515625,19274.873046875,44148798321,0.022368473265013344,44.028338385799415,,20975.1851953125,19134.594140625,0,1,0,0,0,18547.400390625,1,0
2022-09-27,20,Extreme Fear,,19221.83984375,19110.546875,18915.66796875,20338.455078125,58571439619,-0.005832956039052206,43.199344583978736,,20881.20640625,19073.993359375,0,1,0,0,0,18547.400390625,1,0
2022-09-28,20,Extreme Fear,,19104.62109375,19426.720703125,18553.296875,19688.34375,53071298734,0.016544467837213528,46.27142416479362,,20806.454453125,19099.809765625,0,1,0,0,0,18547.400390625,1,0
2022-09-29,22,Extreme Fear,,19427.779296875,19573.05078125,18924.353515625,19589.265625,41037843771,0.007532412719634118,47.681766544835526,,20718.9626171875,19227.017578125,0,1,0,0,0,18547.400390625,1,0
2022-09-30,21,Extreme Fear,,19573.431640625,19431.7890625,19265.662109375,20109.849609375,43975248085,-0.0072171538473359,46.415123329734534,,20628.4478125,19352.955859375,0,1,0,0,0,18547.400390625,1,0
2022-10-01,20,Extreme Fear,,19431.10546875,19312.095703125,19231.08203125,19471.154296875,18719537670,-0.0061596674907298254,45.316648769813824,,20526.633359375,19370.840625,0,1,0,0,0,18802.09765625,1,0
2022-10-02,24,Extreme Fear,,19311.849609375,19044.107421875,18970.62109375,19370.30859375,20765955327,-0.013876706359042923,42.87030493291117,,20419.034140625,19357.552734375,0,1,0,0,0,18802.09765625,1,0
2022-10-03,24,Extreme Fear,,19044.068359375,19623.580078125,19025.2265625,19653.54296875,30484729489,0.030427924155919772,49.249969531147094,,20325.1190625,19396.924609375,0,1,0,0,0,18802.09765625,1,0
2022-10-04,20,Extreme Fear,,19623.583984375,20336.84375,19523.83984375,20380.34375,35887278685,0.036347275524413414,55.793654661322165,,20249.116484375,19549.683203125,0,1,0,0,0,18802.09765625,1,0
2022-10-05,25,Extreme Fear,,20335.900390625,20160.716796875,19801.80078125,20343.748046875,33223790572,-0.008660486125090072,53.9440041904682,,20174.665,19695.46875,0,1,0,0,0,19044.107421875,1,0
2022-10-06,26,Fear,,20161.0390625,19955.443359375,19900.087890625,20408.392578125,34711412966,-0.01018185214187517,51.789067265175106,,20107.05390625,19824.13828125,0,1,0,0,0,19044.107421875,1,0
2022-10-07,23,Extreme Fear,,19957.55859375,19546.849609375,19395.79296875,20041.0859375,29227315390,-0.02047530303595302,47.704081319040135,,20033.7361328125,19924.68671875,0,1,0,0,0,19044.107421875,1,0
2022-10-08,24,Extreme Fear,,19546.328125,19416.568359375,19299.4140625,19601.6953125,16437423167,-0.006665076603316944,46.446093176867734,,20004.5164453125,19883.284375,0,1,0,0,0,19044.107421875,1,0
2022-10-09,22,Extreme Fear,,19417.478515625,19446.42578125,19349.259765625,19542.5390625,16837262532,0.0015377290838616275,46.79239105056227,,19970.12375,19705.20078125,0,1,0,0,0,19044.107421875,1,0
2022-10-10,22,Extreme Fear,,19446.416015625,19141.484375,19102.978515625,19515.466796875,27425022774,-0.01568110303046133,43.685374899027046,,19922.271015625,19501.354296875,0,1,0,0,0,19044.107421875,1,0
2022-10-11,24,Extreme Fear,,19139.0,19051.41796875,18925.603515625,19241.9609375,28711532910,-0.00470529894576166,42.781811639902635,,19875.3212109375,19320.54921875,0,1,0,0,0,19044.107421875,1,0
2022-10-12,20,Extreme Fear,,19052.646484375,19157.4453125,19029.7578125,19203.19921875,24950173846,0.005565325579645286,44.2438376554146,,19827.908359375,19242.668359375,0,1,0,0,0,19051.41796875,1,0
2022-10-13,20,Extreme Fear,,19156.966796875,19382.904296875,18319.822265625,19453.328125,44219840004,0.011768739552548313,47.325974086362926,,19787.6660546875,19235.935546875,0,1,0,0,0,19051.41796875,1,0
2022-10-14,24,Extreme Fear,,19382.533203125,19185.65625,19115.408203125,19889.146484375,38452356727,-0.010176392755898878,44.983155038203535,,19739.36109375,19183.781640625,0,1,0,0,0,19051.41796875,1,0
2022-10-15,24,Extreme Fear,,19185.4375,19067.634765625,19019.25,19212.541015625,16192235532,-0.0061515479500473536,43.59260987129845,,19715.5133984375,19169.01171875,0,1,0,0,0,19051.41796875,1,0
2022-10-16,24,Extreme Fear,,19068.9140625,19268.09375,19068.9140625,19389.603515625,17988916650,0.010513049302600663,46.61139957254583,,19700.0405078125,19212.346875,0,1,0,0,0,19051.41796875,1,0
2022-10-17,20,Extreme Fear,,19268.5625,19550.7578125,19173.333984375,19635.802734375,27472552998,0.014670058500208416,50.62414182253355,,19698.719375,19291.009375,0,1,0,0,0,19051.41796875,1,0
2022-10-18,22,Extreme Fear,,19550.466796875,19334.416015625,19144.76953125,19666.994140625,30580012344,-0.011065647631146036,47.67088982367721,,19679.4478125,19281.31171875,0,1,0,0,0,19051.41796875,1,0
2022-10-19,23,Extreme Fear,,19335.02734375,19139.53515625,19127.6875,19348.416015625,22425387184,-0.010079479991405349,45.11758806664115,,19666.30234375,19272.0875,0,1,0,0,0,19051.41796875,1,0
2022-10-20,23,Extreme Fear,,19138.0859375,19053.740234375,18971.458984375,19315.19921875,24493974420,-0.004482602172654282,44.00025874402056,,19646.381875,19269.30859375,0,1,0,0,0,19051.41796875,1,0
2022-10-21,23,Extreme Fear,,19053.203125,19172.46875,18770.970703125,19237.384765625,32459287866,0.006231244583192241,45.99349834152408,,19627.2884375,19250.18359375,0,1,0,0,0,19053.740234375,1,0
2022-10-22,20,Extreme Fear,,19172.380859375,19208.189453125,19132.244140625,19248.068359375,16104440957,0.0018631248583989013,46.60922695909967,,19612.056796875,19181.669921875,0,1,0,0,0,19053.740234375,1,0
2022-10-23,23,Extreme Fear,,19207.734375,19567.0078125,19124.197265625,19646.65234375,22128794335,0.018680488353712166,52.47114792437307,,19606.7551953125,19228.18828125,0,1,0,0,0,19053.740234375,1,0
2022-10-24,22,Extreme Fear,,19567.76953125,19345.572265625,19206.32421875,19589.125,30202235805,-0.011316781236911488,48.90281800156291,,19593.9323828125,19269.395703125,0,1,0,0,0,19053.740234375,1,0
2022-10-25,20,Extreme Fear,,19344.96484375,20095.857421875,19261.447265625,20348.412109375,47761524910,0.03878330120960949,59.06155051247236,,19599.602109375,19477.819140625,0,1,0,0,0,19053.740234375,1,0
2022-10-26,33,Fear,,20092.236328125,20770.44140625,20076.1171875,20938.134765625,58895950537,0.03356831063305088,65.67014239730933,,19638.257578125,19797.413671875,0,0,0,0,0,19053.740234375,0,0
2022-10-27,32,Fear,,20772.802734375,20285.8359375,20255.373046875,20854.044921875,49625110402,-0.0233314959115013,58.37936441845143,,19658.1678125,20012.94296875,0,0,0,0,0,19053.740234375,0,0
2022-10-28,30,Fear,,20287.95703125,20595.3515625,20086.068359375,20724.98046875,43994715910,0.015257721000682789,61.3321688199552,,19683.4781640625,20218.61171875,0,0,0,0,0,19053.740234375,0,0
2022-10-29,34,Fear,,20595.103515625,20818.4765625,20566.484375,20988.39453125,40369840645,0.01083375534148523,63.35072877576717,,19672.2246484375,20513.192578125,0,0,0,0,0,19053.740234375,0,0
2022-10-30,34,Fear,,20817.982421875,20635.603515625,20547.462890625,20917.005859375,31486345556,-0.008784170461560437,60.560330303137036,,19651.3259375,20621.141796875,0,0,0,0,0,19172.46875,0,0
2022-10-31,31,Fear,,20633.6953125,20495.7734375,20287.458984375,20795.3203125,45668466815,-0.006776156462742766,58.440674177777716,,19625.8562890625,20566.208203125,0,0,0,0,0,19208.189453125,0,0
2022-11-01,30,Fear,,20494.8984375,20485.2734375,20359.845703125,20647.2890625,39819303159,-0.0005123007449325812,58.27572951161692,,19588.1527734375,20606.095703125,0,0,0,0,0,19345.572265625,0,0
2022-11-02,30,Fear,,20482.958984375,20159.50390625,20087.134765625,20742.810546875,55552169483,-0.015902620594443806,53.253705990961905,,19585.4087109375,20518.926171875,0,0,0,0,0,19345.572265625,0,0
2022-11-03,30,Fear,,20162.689453125,20209.98828125,20086.240234375,20382.095703125,43228750179,0.0025042468919260763,53.916483615821555,,19584.7866796875,20397.228515625,0,0,0,0,0,20095.857421875,0,0
2022-11-04,30,Fear,,20208.76953125,21147.23046875,20188.01953125,21209.560546875,64072727950,0.0463751969796804,64.09446373031182,,19613.7070703125,20499.55390625,0,0,0,0,0,20159.50390625,0,0
2022-11-05,38,Fear,,21144.83203125,21282.69140625,21097.634765625,21446.88671875,37846047609,0.006405611254872046,65.28775276372828,,19643.90921875,20656.9375,0,0,0,0,0,20159.50390625,0,0
2022-11-06,40,Fear,,21285.056640625,20926.486328125,20920.19140625,21345.376953125,35082693210,-0.01673684363155281,59.671792470243886,,19659.887421875,20745.180078125,0,0,0,0,0,20159.50390625,0,0
2022-11-07,33,Fear,,20924.62109375,20602.81640625,20489.97265625,21053.24609375,53510852236,-0.015466997985227438,55.0389319448465,,19683.5536328125,20833.842578125,0,0,0,0,0,20159.50390625,0,0
2022-11-08,31,Fear,,20600.671875,18541.271484375,17603.544921875,20664.607421875,118992465607,-0.10006131594948431,35.91344929284111,,19663.496484375,20500.09921875,0,0,0,0,0,18541.271484375,0,0
2022-11-09,29,Fear,,18543.76171875,15880.7802734375,15682.6923828125,18590.458984375,102905151606,-0.14349022466876316,24.217682563007394,,19603.29630859375,19446.8091796875,0,1,0,0,1,15880.7802734375,2,0
2022-11-10,22,Extreme Fear,,15883.158203125,17586.771484375,15834.0185546875,18054.3125,83202283721,0.10742489862358795,38.13135638644945,,19584.08373046875,18707.6251953125,0,1,0,0,0,15880.7802734375,1,0
2022-11-11,25,Extreme Fear,,17583.251953125,17034.29296875,16543.482421875,17650.943359375,55871616488,-0.03141443647663533,35.836662389425264,,19536.49857421875,17929.1865234375,0,1,0,0,0,15880.7802734375,1,0
2022-11-12,21,Extreme Fear,,17036.875,16799.185546875,16651.775390625,17066.67578125,29717699419,-0.013802006476365758,34.87484970873862,,19486.52951171875,17168.4603515625,0,1,0,0,0,15880.7802734375,1,0
2022-11-13,22,Extreme Fear,,16799.72265625,16353.365234375,16320.634765625,16920.765625,27209183682,-0.026538209918333333,33.06275782382202,,19434.85658203125,16730.8791015625,0,1,0,0,0,15880.7802734375,1,0
2022-11-14,24,Extreme Fear,,16352.0283203125,16618.19921875,15872.94140625,17109.32421875,49630243054,0.016194463988263186,35.21619817945167,,19391.17861328125,16878.362890625,0,1,0,0,0,15880.7802734375,1,0
2022-11-15,22,Extreme Fear,,16617.484375,16884.61328125,16542.55078125,17051.962890625,36599436183,0.016031463998783302,37.39802939232771,,19344.41744140625,16737.93125,0,1,0,0,0,15880.7802734375,1,0
2022-11-16,23,Extreme Fear,,16884.341796875,16669.439453125,16430.111328125,16960.294921875,33925512989,-0.0127437818409466,36.33368744155012,,19295.59529296875,16664.960546875,0,1,0,0,0,15880.7802734375,1,0
2022-11-17,20,Extreme Fear,,16670.42578125,16687.517578125,16460.68359375,16726.439453125,27868914022,0.0010845070736082985,36.49720857908237,,19240.81123046875,16642.626953125,0,1,0,0,0,15880.7802734375,1,0
2022-11-18,23,Extreme Fear,,16687.912109375,16697.77734375,16564.611328125,16947.05859375,26862218609,0.0006148167681003791,36.59673641336246,,19183.30576171875,16711.509375,0,1,0,0,0,15880.7802734375,1,0
2022-11-19,23,Extreme Fear,,16696.220703125,16711.546875,16570.41015625,16797.876953125,16106223492,0.0008246325823211276,36.740036704558,,19128.90091796875,16730.17890625,0,1,0,0,0,16353.365234375,1,0
2022-11-20,24,Extreme Fear,,16712.919921875,16291.83203125,16248.6923828125,16746.779296875,21313378652,-0.025115259939095247,34.20249545971408,,19068.49564453125,16611.62265625,0,1,0,0,0,16291.83203125,1,0
2022-11-21,21,Extreme Fear,,16291.2236328125,15787.2841796875,15599.046875,16291.2236328125,37429485518,-0.030969374751391165,31.395310535202945,,19003.3591796875,16435.1916015625,0,1,0,0,0,15787.2841796875,1,0
2022-11-22,22,Extreme Fear,,15782.30078125,16189.76953125,15656.6064453125,16253.0478515625,30726828760,0.025494274188105903,35.91396402740476,,18934.68296875,16335.6419921875,0,1,0,0,0,15787.2841796875,1,0
2022-11-23,22,Extreme Fear,,16195.5888671875,16610.70703125,16170.5029296875,16638.193359375,32958875628,0.02600021570334854,40.33977010484788,,18860.160234375,16318.2279296875,0,1,0,0,0,15787.2841796875,1,0
2022-11-24,20,Extreme Fear,,16611.63671875,16604.46484375,16501.767578125,16771.474609375,26129037414,-0.0003757930043709612,40.29532872341428,,18789.0351953125,16296.8115234375,0,1,0,0,0,15787.2841796875,1,0
2022-11-25,20,Extreme Fear,,16602.26953125,16521.841796875,16388.404296875,16603.31640625,18678255976,-0.004975953615638518,39.67232468606098,,18720.3631640625,16342.8134765625,0,1,0,0,0,15787.2841796875,1,0
2022-11-26,22,Extreme Fear,,16521.576171875,16464.28125,16416.228515625,16666.86328125,18000008764,-0.0034839061881034583,39.21741673289291,,18658.711796875,16478.212890625,0,1,0,0,0,15787.2841796875,1,0
2022-11-27,26,Fear,,16463.8828125,16444.626953125,16437.025390625,16594.40625,20443898509,-0.0011937537130568554,39.05275040926617,,18599.27296875,16529.184375,0,1,0,0,0,15787.2841796875,1,0
2022-11-28,28,Fear,,16440.22265625,16217.322265625,16054.5302734375,16482.93359375,27743025156,-0.013822428939733733,37.1119743373491,,18534.6908984375,16450.507421875,0,1,0,0,0,15787.2841796875,1,0
2022-11-29,26,Fear,,16217.6396484375,16444.982421875,16139.396484375,16522.2578125,23581685468,0.014038085481754337,40.31144540028957,,18480.760859375,16418.6109375,0,1,0,0,0,15787.2841796875,1,0
2022-11-30,29,Fear,,16445.4765625,17168.56640625,16445.4765625,17190.9375,29523576583,0.044000289316970864,49.1639927545526,,18443.103828125,16547.955859375,0,1,0,0,0,15787.2841796875,1,0
2022-12-01,27,Fear,,17168.001953125,16967.1328125,16888.388671875,17197.498046875,22895392882,-0.011732697360023692,47.071043673239195,,18399.297578125,16648.526171875,0,1,0,0,0,16189.76953125,1,0
2022-12-02,27,Fear,,16968.68359375,17088.66015625,16877.880859375,17088.66015625,19539705127,0.007162515027905547,48.49560961059477,,18353.4126953125,16777.3328125,0,1,0,0,0,16217.322265625,1,0
2022-12-03,27,Fear,,17090.09765625,16908.236328125,16888.140625,17116.041015625,16217776704,-0.010558102652595158,46.49483350059666,,18307.864296875,16915.515625,0,1,0,0,0,16217.322265625,1,0
2022-12-04,26,Fear,,16908.169921875,17130.486328125,16903.439453125,17157.767578125,16824520830,0.013144481522908036,49.27123893481515,,18269.121328125,17052.61640625,0,1,0,0,0,16217.322265625,1,0
2022-12-05,26,Fear,,17128.89453125,16974.826171875,16922.431640625,17378.15234375,22209086834,-0.00908673304822849,47.41545478072328,,18223.2559765625,17013.868359375,0,1,0,0,0,16217.322265625,1,0
2022-12-06,25,Extreme Fear,,16975.23828125,17089.50390625,16939.921875,17091.86328125,19889922369,0.006755753090715411,48.94123032837639,21269.10900390625,18174.0308984375,17038.342578125,0,1,0,0,0,16217.322265625,1,0
2022-12-07,29,Fear,,17089.505859375,16848.126953125,16750.55859375,17109.376953125,19675404389,-0.01412428087141393,45.92096619321789,21206.188505859376,18124.3051171875,16990.2359375,0,1,0,0,0,16217.322265625,1,0
2022-12-08,25,Extreme Fear,,16847.349609375,17233.474609375,16788.783203125,17267.916015625,20496603770,0.022871839541696026,51.108327961740905,21140.737265625,18086.18390625,17055.28359375,0,1,0,0,0,16444.982421875,1,0
2022-12-09,26,Fear,,17232.1484375,17133.15234375,17100.8359375,17280.546875,20328426366,-0.005821360340788395,49.76984395817317,21080.9084765625,18047.7721484375,17055.816796875,0,1,0,0,0,16848.126953125,1,0
2022-12-10,27,Fear,,17134.220703125,17128.724609375,17120.68359375,17216.826171875,12706781969,-0.00025843080632004245,49.70796878317838,21018.274169921875,18006.897265625,17086.596484375,0,1,0,0,0,16848.126953125,1,0
2022-12-11,26,Fear,,17129.7109375,17104.193359375,17091.8203125,17245.634765625,14122486832,-0.0014321702613265819,49.34196179587374,20955.983330078125,17964.81734375,17089.534375,0,1,0,0,0,16848.126953125,1,0
2022-12-12,27,Fear,,17102.5,17206.4375,16899.39453125,17212.564453125,19617581341,0.005977723618808328,50.96262946340177,20895.67939453125,17917.6059375,17161.196484375,0,1,0,0,0,16848.126953125,1,0
2022-12-13,27,Fear,,17206.44140625,17781.318359375,17111.763671875,17930.0859375,26634741631,0.033410801008343594,58.92046904973329,20841.448115234376,17886.320859375,17270.765234375,0,1,0,0,0,16848.126953125,1,0
2022-12-14,30,Fear,,17782.06640625,17815.650390625,17739.513671875,18318.53125,25534481470,0.0019307922256450727,59.34478620285573,20786.451865234376,17840.71671875,17407.26484375,0,0,0,0,0,16848.126953125,0,0
2022-12-15,31,Fear,,17813.64453125,17364.865234375,17322.58984375,17846.744140625,20964448341,-0.02530276169357326,51.78174319459162,20726.04640625,17772.6051953125,17454.49296875,0,0,0,0,0,16848.126953125,0,0
2022-12-16,29,Fear,,17364.546875,16647.484375,16584.701171875,17505.525390625,24031608960,-0.04131220425223303,42.49932914275918,20650.651875,17699.8381640625,17363.151171875,0,1,0,0,0,16647.484375,1,0
2022-12-17,28,Fear,,16646.982421875,16795.091796875,16614.029296875,16800.58984375,14463581825,0.008866650272798315,44.6960920383642,20575.66578125,17623.83296875,17280.88203125,0,1,0,0,0,16647.484375,1,0
2022-12-18,26,Fear,,16795.609375,16757.9765625,16697.8203125,16815.38671875,10924354698,-0.0022098857704312413,44.23843648344634,20510.460263671874,17542.62296875,17076.213671875,0,1,0,0,0,16647.484375,1,0
2022-12-19,29,Fear,,16759.041015625,16439.6796875,16398.13671875,16807.52734375,17221074814,-0.01899375344110854,40.41642544719161,20440.321220703125,17458.7044921875,16801.01953125,0,1,0,0,0,16439.6796875,1,0
2022-12-20,29,Fear,,16441.787109375,16906.3046875,16427.8671875,17012.984375,22722096615,0.028384068842582266,47.56810480590641,20376.330791015625,17386.9151171875,16709.307421875,0,1,0,0,0,16439.6796875,1,0
2022-12-21,26,Fear,,16904.52734375,16817.53515625,16755.912109375,16916.80078125,14882945045,-0.005250676176186131,46.42646858724816,20311.253896484373,17313.5603515625,16743.317578125,0,1,0,0,0,16439.6796875,1,0
2022-12-22,28,Fear,,16818.380859375,16830.341796875,16592.408203125,16866.673828125,16441573050,0.0007615052090579333,46.62549089735358,20245.872294921875,17246.977109375,16750.367578125,0,1,0,0,0,16439.6796875,1,0
2022-12-23,27,Fear,,16829.64453125,16796.953125,16794.458984375,16905.21875,15329265213,-0.001983838015767403,46.144189508063285,20173.003701171874,17178.71640625,16758.162890625,0,1,0,0,0,16439.6796875,1,0
2022-12-24,29,Fear,,16796.9765625,16847.755859375,16793.52734375,16864.703125,9744636213,0.003024520816182319,47.03999626177613,20101.465087890625,17092.7269140625,16839.778125,0,1,0,0,0,16439.6796875,1,0
2022-12-25,29,Fear,,16847.505859375,16841.986328125,16755.25390625,16860.5546875,11656379938,-0.000342451024228807,46.9444959977389,20034.6032421875,17003.9128125,16826.914453125,0,1,0,0,0,16439.6796875,1,0
2022-12-26,28,Fear,,16842.25,16919.8046875,16812.369140625,16920.123046875,11886957804,0.004620497716771643,48.46424599760647,19968.642275390626,16923.7791796875,16847.368359375,0,1,0,0,0,16439.6796875,1,0
2022-12-27,27,Fear,,16919.291015625,16717.173828125,16642.072265625,16959.845703125,15748580239,-0.011975957353969946,44.86080842626453,19906.80912109375,16846.066328125,16824.734765625,0,1,0,0,0,16439.6796875,1,0
2022-12-28,28,Fear,,16716.400390625,16552.572265625,16497.556640625,16768.169921875,17005713920,-0.009846255365429935,42.12107659492232,19847.7679296875,16806.29234375,16775.85859375,0,1,0,0,0,16439.6796875,1,0
2022-12-29,28,Fear,,16552.322265625,16642.341796875,16508.68359375,16651.755859375,14472237479,0.0054232979508825885,44.12525421167876,19797.166396484376,16821.52357421875,16734.77578125,0,1,0,0,0,16552.572265625,1,0
2022-12-30,28,Fear,,16641.330078125,16602.5859375,16408.474609375,16643.427734375,15929162910,-0.002388838052975517,43.408374713561116,19767.7423828125,16801.83986328125,16686.895703125,0,1,0,0,0,16552.572265625,1,0
2022-12-31,25,Extreme Fear,,16603.673828125,16547.49609375,16517.51953125,16628.986328125,11239186456,-0.0033181483870876605,42.38086985458129,19739.4458984375,16792.10392578125,16612.433984375,0,1,0,0,0,16547.49609375,1,0
2023-01-01,26,Fear,,16547.9140625,16625.080078125,16521.234375,16630.439453125,9244361700,0.0046885633896178724,44.37771508956786,19709.707099609375,16788.62181640625,16594.015234375,0,1,0,0,0,16547.49609375,1,0
2023-01-02,27,Fear,,16625.509765625,16688.470703125,16572.228515625,16759.34375,12097775227,0.0038129515588565255,46.023672813139825,19691.241201171873,16795.32392578125,16621.194921875,0,1,0,0,0,16547.49609375,1,0
2023-01-03,26,Fear,,16688.84765625,16679.857421875,16622.37109375,16760.447265625,13903079207,-0.000516121662866742,45.825244827817116,19672.283076171876,16796.55708984375,16628.698046875,0,1,0,0,0,16547.49609375,1,0
2023-01-04,29,Fear,,16680.205078125,16863.23828125,16667.763671875,16964.5859375,18421743322,0.010994150293785143,50.69883381396991,19661.5110546875,16796.12958984375,16680.828515625,0,1,0,0,0,16547.49609375,1,0
2023-01-05,29,Fear,,16863.47265625,16836.736328125,16790.283203125,16884.021484375,13692758566,-0.0015715814888571655,49.99879830409274,19642.92837890625,16799.47552734375,16738.6765625,0,1,0,0,0,16547.49609375,1,0
2023-01-06,26,Fear,,16836.47265625,16951.96875,16716.421875,16991.994140625,14413662913,0.006844106816741524,53.03531061827523,19624.690537109374,16804.76455078125,16804.054296875,0,1,0,0,0,16547.49609375,1,0
2023-01-07,25,Extreme Fear,,16952.1171875,16955.078125,16914.19140625,16975.017578125,7714767174,0.00018342264818071996,53.118044503419625,19605.912939453126,16809.91056640625,16857.37578125,0,1,0,0,0,16547.49609375,1,0
2023-01-08,25,Extreme Fear,,16954.146484375,17091.14453125,16924.05078125,17091.14453125,9768827914,0.008025112314249405,56.71176532205814,19591.433515625,16817.50251953125,16939.633203125,0,1,0,0,0,16547.49609375,1,0
2023-01-09,25,Extreme Fear,,17093.9921875,17196.5546875,17093.9921875,17389.95703125,18624736866,0.006167530562816603,59.313737452297055,19571.986904296875,16835.59697265625,17006.296484375,0,1,0,0,0,16547.49609375,1,0
2023-01-10,26,Fear,,17192.94921875,17446.29296875,17162.990234375,17484.720703125,15808338949,0.014522576515372032,64.72379589506613,19553.060087890626,16868.7771484375,17128.2078125,0,1,0,0,0,16625.080078125,1,0
2023-01-11,26,Fear,,17446.359375,17934.896484375,17337.994140625,17934.896484375,18372283782,0.02800615102017323,72.4439681397584,19535.222880859375,16903.6796875,17324.793359375,0,1,0,1,0,16679.857421875,1,1
2023-01-12,30,Fear,,18117.59375,18869.587890625,17995.203125,19030.087890625,34971338710,0.052115795988246116,81.00710188721656,19524.434345703125,16948.8573046875,17707.6953125,0,0,0,1,0,16679.857421875,0,1
2023-01-13,31,Fear,,18868.90625,19909.57421875,18753.1640625,19964.322265625,29225029694,0.05511441660269112,86.16038602913262,19520.30482421875,17014.9594921875,18271.38125,0,0,0,1,0,16836.736328125,0,1
2023-01-14,46,Fear,,19910.537109375,20976.298828125,19907.828125,21075.142578125,38967784639,0.05357847423830919,89.3517732927474,19523.78314453125,17104.0486328125,19027.330078125,0,0,0,1,0,16836.736328125,0,1
2023-01-15,52,Neutral,,20977.484375,20880.798828125,20606.986328125,20993.748046875,19298407543,-0.004552757413617381,87.40845160023956,19527.667021484376,17192.378984375,19714.23125,1,0,0,1,0,16951.96875,0,1
2023-01-16,45,Fear,,20882.224609375,21169.6328125,20715.74609375,21360.875,26792494050,0.013832516023570829,88.2414154826485,19534.591552734375,17286.8791015625,20361.178515625,0,0,0,1,0,16955.078125,0,1
2023-01-17,51,Neutral,,21175.833984375,21161.51953125,20978.533203125,21438.66015625,24999983362,-0.00038325091993141047,88.06518371381034,19544.052314453125,17385.763046875,20819.56484375,1,0,0,1,0,17091.14453125,0,1
2023-01-18,52,Neutral,,21161.05078125,20688.78125,20541.544921875,21564.501953125,30005625418,-0.022339524368838015,78.25789781566856,19551.28494140625,17470.6390234375,20975.40625,1,0,0,1,0,17196.5546875,0,1
2023-01-19,45,Fear,,20686.74609375,21086.79296875,20685.380859375,21163.01171875,21152848261,0.019238045679950355,80.25191688645424,19560.233525390624,17549.0035546875,20997.505078125,0,0,0,1,0,17446.29296875,0,1
2023-01-20,51,Neutral,,21085.373046875,22676.552734375,20919.126953125,22692.357421875,28799154319,0.07539125404137925,85.83860232863768,19572.45998046875,17663.191953125,21356.655859375,1,0,0,1,0,17934.896484375,0,1
2023-01-21,53,Neutral,,22677.427734375,22777.625,22511.833984375,23282.34765625,32442278429,0.004457126566322689,86.10768703444963,19585.397529296875,17776.97125,21678.254296875,1,0,0,1,0,18869.587890625,0,1
2023-01-22,53,Neutral,,22777.986328125,22720.416015625,22387.900390625,23056.73046875,24746386230,-0.002511630794474806,85.12176979528378,19596.25837890625,17893.21484375,21990.03359375,1,0,0,1,0,19909.57421875,0,1
2023-01-23,50,Neutral,,22721.087890625,22934.431640625,22654.3046875,23126.486328125,26518700512,0.009419529327844067,85.7778107002243,19602.74259765625,18009.29375,22439.163671875,0,0,0,1,0,20688.78125,0,1
2023-01-24,52,Neutral,,22929.626953125,22636.46875,22549.744140625,23134.01171875,26405069715,-0.012991945703908492,80.45852758522464,19607.26935546875,18122.5266015625,22749.098828125,1,0,0,1,0,20688.78125,0,1
2023-01-25,51,Neutral,,22639.267578125,23117.859375,22406.076171875,23722.099609375,30685366709,0.021266153759075257,82.36160852024716,19614.8976171875,18243.0937109375,22837.36015625,1,0,0,1,0,20688.78125,0,1
2023-01-26,54,Neutral,,23108.955078125,23032.77734375,22911.373046875,23237.078125,26357839322,-0.003680359408276712,80.86270681261094,19625.7592578125,18366.78671875,22888.390625,1,0,0,1,0,20688.78125,0,1
2023-01-27,55,Greed,,23030.716796875,23078.728515625,22654.59375,23417.720703125,25383335641,0.0019950339114214177,81.0631537444176,19641.3001171875,18483.691796875,22960.053125,1,0,0,1,0,20688.78125,0,1
2023-01-28,52,Neutral,,23079.96484375,23031.08984375,22908.845703125,23165.896484375,14712928379,-0.0020641809553220147,80.12615087648837,19659.83599609375,18601.650546875,22979.384765625,1,0,0,1,0,21086.79296875,0,1
2023-01-29,55,Greed,,23031.44921875,23774.56640625,22985.0703125,23919.890625,27423687259,0.03228143207915801,83.35902324103576,19677.64845703125,18734.5673828125,23207.004296875,1,0,0,1,0,22636.46875,0,1
2023-01-30,61,Greed,,23774.6484375,22840.138671875,22657.58203125,23789.34765625,27205595568,-0.03930367092328346,68.31722075131633,19688.99955078125,18849.2862890625,23151.46015625,1,0,0,0,0,22636.46875,0,0
2023-01-31,51,Neutral,,22840.796875,23139.283203125,22765.568359375,23225.021484375,22837828665,0.013097316769725253,70.172801105838,19700.514326171877,18967.943203125,23172.761328125,1,0,0,1,0,22636.46875,0,1
2023-02-01,56,Greed,,23137.8359375,23723.76953125,22877.75,23764.5390625,26683255504,0.025259482888651652,73.44527556722424,19713.181591796874,19086.7922265625,23301.76953125,1,0,0,1,0,22636.46875,0,1
2023-02-02,60,Greed,,23720.82421875,23471.87109375,23468.595703125,24167.2109375,32066936882,-0.01061797692681965,69.88656014322065,19726.644228515626,19199.916640625,23389.92578125,1,0,0,0,0,22636.46875,0,0
2023-02-03,60,Greed,,23469.412109375,23449.322265625,23279.955078125,23678.103515625,27083066007,-0.0009606745041729203,69.56163571175409,19731.462392578123,19321.60578125,23324.876953125,1,0,0,0,0,22840.138671875,0,0
2023-02-04,58,Greed,,23446.3203125,23331.84765625,23291.794921875,23556.94921875,15639298538,-0.005009723012217249,67.79323858374813,19731.174462890624,19455.293046875,23423.21875,1,0,0,0,0,22840.138671875,0,0
2023-02-05,58,Greed,,23332.248046875,22955.666015625,22841.759765625,23423.435546875,19564262605,-0.01612309690031044,62.328898309630375,19729.794130859376,19578.50453125,23386.4953125,1,0,0,0,0,22840.138671875,0,0
2023-02-06,56,Greed,,22954.021484375,22760.109375,22692.025390625,23119.279296875,23825006542,-0.008518883333286542,59.63778185386279,19727.771533203126,19698.5471875,23193.76328125,1,0,0,0,0,22760.109375,0,0
2023-02-07,54,Neutral,,22757.267578125,23264.291015625,22756.2578125,23310.974609375,27187964471,0.022151986720186922,63.95840320526251,19730.518095703126,19835.0394140625,23152.247265625,1,0,0,0,0,22760.109375,0,0
2023-02-08,58,Greed,,23263.416015625,22939.3984375,22731.09765625,23367.958984375,25371367758,-0.013965290320121615,59.53571614378359,19732.8876953125,19955.7012890625,23050.2625,1,0,0,0,0,22760.109375,0,0
2023-02-09,55,Greed,,22946.56640625,21819.0390625,21773.974609375,22996.4375,32572572185,-0.04883996317743455,47.37096841336998,19728.9370703125,20055.7313671875,22747.70078125,1,0,0,0,0,21819.0390625,0,0
2023-02-10,48,Neutral,,21819.005859375,21651.18359375,21539.392578125,21941.185546875,27078406594,-0.007693073387383564,45.85910038889742,19730.384482421876,20152.148203125,22486.804296875,0,0,0,0,0,21651.18359375,0,0
2023-02-11,49,Neutral,,21651.841796875,21870.875,21618.44921875,21891.41015625,16356226232,0.010146854341645195,48.18976323355075,19733.540087890626,20253.626640625,22308.957421875,0,0,0,0,0,21651.18359375,0,0
2023-02-12,50,Neutral,,21870.90234375,21788.203125,21682.828125,22060.994140625,17821046406,-0.003779998514005456,47.36348364446977,19727.828359375,20352.4355859375,22013.73984375,0,0,0,0,0,21651.18359375,0,0
2023-02-13,48,Neutral,,21787.0,21808.1015625,21460.087890625,21898.4140625,23918742607,0.0009132665684197239,47.59638891596772,19717.64943359375,20451.757890625,21787.48046875,0,0,0,0,0,21651.18359375,0,0
2023-02-14,50,Neutral,,21801.822265625,22220.8046875,21632.39453125,22293.140625,26792596581,0.018924303145655852,52.30969599882373,19709.73029296875,20557.777890625,21867.83359375,0,0,0,0,0,21651.18359375,0,0
2023-02-15,53,Neutral,,22220.5859375,24307.841796875,22082.76953125,24307.841796875,32483312909,0.09392266116037784,67.98934118649271,19712.988466796876,20709.59125,22399.165234375,1,0,0,0,0,21651.18359375,0,0
2023-02-16,62,Greed,,24307.349609375,23623.474609375,23602.5234375,25134.1171875,39316664596,-0.028154173176657027,60.916633263389116,19714.421357421874,20851.009296875,22749.68515625,1,0,0,0,0,21651.18359375,0,0
2023-02-17,61,Greed,,23621.283203125,24565.6015625,23460.755859375,24924.041015625,41358451255,0.03988096453648349,66.13881494709933,19720.678369140624,21009.4744921875,23305.16484375,1,0,0,0,0,21651.18359375,0,0
2023-02-18,60,Greed,,24565.296875,24641.27734375,24468.373046875,24798.8359375,19625427158,0.0030805588480080637,66.52571913710528,19728.994169921876,21170.2483203125,23871.8,1,0,0,0,0,21651.18359375,0,0
2023-02-19,60,Greed,,24640.02734375,24327.642578125,24327.642578125,25093.0546875,25555105670,-0.012728023845912761,63.29766410139007,19736.39984375,21325.85125,24293.167578125,1,0,0,0,0,21651.18359375,0,0
2023-02-20,58,Greed,,24336.623046875,24829.1484375,23927.91015625,25020.458984375,28987376573,0.020614650916729094,66.12794413267883,19747.39080078125,21489.9326171875,24397.42890625,1,0,0,0,0,21788.203125,0,0
2023-02-21,60,Greed,,24833.048828125,24436.353515625,24200.36328125,25126.8515625,31252098714,-0.01581991113645098,62.089374958736485,19753.12599609375,21644.8902734375,24560.0046875,1,0,0,0,0,21788.203125,0,0
2023-02-22,59,Greed,,24437.41796875,24188.84375,23644.318359375,24472.33984375,30199996781,-0.01012875204423358,59.61858773549793,19759.263818359374,21795.07,24484.653125,1,0,0,0,0,21808.1015625,0,0
2023-02-23,56,Greed,,24190.71875,23947.4921875,23693.919921875,24572.08984375,30476264066,-0.00997780485063493,57.22713119254648,19763.121826171875,21936.755078125,24345.89609375,1,0,0,0,0,22220.8046875,0,0
2023-02-24,53,Neutral,,23946.0078125,23198.126953125,23007.072265625,24103.705078125,26811744928,-0.03129201289670536,50.45929144787621,19760.065029296875,22063.982890625,24119.99296875,1,0,0,0,0,23198.126953125,0,0
2023-02-25,52,Neutral,,23200.125,23175.375,22861.55859375,23210.2109375,16100721565,-0.0009807668166905703,50.26492426027954,19760.1203125,22188.451015625,23789.23828125,1,0,0,0,0,23175.375,0,0
2023-02-26,51,Neutral,,23174.150390625,23561.212890625,23084.220703125,23654.3671875,16644534842,0.016648614774302573,53.53373967826016,19758.1881640625,22320.5737109375,23614.21015625,1,0,0,0,0,23175.375,0,0
2023-02-27,50,Neutral,,23561.451171875,23522.87109375,23205.87890625,23857.890625,22660763494,-0.0016273269569350157,53.15983276849434,19756.014873046875,22449.2082421875,23481.015625,0,0,0,0,0,23175.375,0,0
2023-02-28,53,Neutral,,23521.837890625,23147.353515625,23077.650390625,23585.384765625,20535363434,-0.01596393470118429,49.51236023431344,19749.737548828125,22568.22421875,23320.987890625,1,0,0,0,0,23147.353515625,0,0
2023-03-01,50,Neutral,,23150.9296875,23646.55078125,23088.626953125,23880.6328125,24662841200,0.02156606219747892,54.028086566257315,19745.8499609375,22692.229375,23410.67265625,0,0,0,0,0,23147.353515625,0,0
2023-03-02,51,Neutral,,23647.01953125,23475.466796875,23245.021484375,23739.138671875,20386398516,-0.007235050302163204,52.30153781380322,19741.630625,22803.04078125,23470.691015625,1,0,0,0,0,23147.353515625,0,0
2023-03-03,50,Neutral,,23476.6328125,22362.6796875,22213.23828125,23479.34765625,26062404610,-0.047402129167592566,42.73543937023228,19732.75916015625,22872.9026171875,23230.984375,0,0,0,0,0,22362.6796875,0,0
2023-03-04,50,Neutral,,22362.923828125,22353.349609375,22198.98046875,22405.177734375,11166012913,-0.0004172164631153219,42.664978209528996,19725.109453125,22921.778125,22997.080078125,0,0,0,0,0,22353.349609375,0,0
2023-03-05,47,Neutral,,22354.14453125,22435.513671875,22307.142578125,22613.685546875,13317001733,0.0036756935285233716,43.547701441432515,19720.60703125,22950.962421875,22854.712109375,0,0,0,0,0,22353.349609375,0,0
2023-03-06,48,Neutral,,22436.81640625,22429.7578125,22331.314453125,22584.29296875,17353192895,-0.00025655126328649747,43.49717966331402,19716.69212890625,22981.9416015625,22611.353515625,0,0,0,0,0,22353.349609375,0,0
2023-03-07,49,Neutral,,22428.322265625,22219.76953125,22011.26171875,22527.41796875,22765452204,-0.00936203961743065,41.60096975195141,19723.403212890626,23002.9443359375,22360.2140625,0,0,0,0,0,22219.76953125,0,0
2023-03-08,50,Neutral,,22216.44140625,21718.080078125,21708.05078125,22268.896484375,22536575684,-0.022578517406286358,37.40545848462145,19726.163310546875,23014.075546875,22231.294140625,0,0,0,0,0,21718.080078125,0,0
2023-03-09,44,Fear,,21720.080078125,20363.021484375,20210.306640625,21802.716796875,30364664171,-0.06239311158608585,28.92132624810967,19720.3078125,23007.5603515625,21833.228515625,0,0,0,0,1,20363.021484375,1,0
2023-03-10,34,Fear,,20367.001953125,20187.244140625,19628.25390625,20370.595703125,39578257695,-0.008632183779056501,28.033081214848316,19714.2494921875,22989.569375,21383.574609375,0,0,0,0,1,20187.244140625,1,0
2023-03-11,33,Fear,,20187.876953125,20632.41015625,20068.66015625,20792.525390625,30180288176,0.022051846825845045,33.59540781566694,19709.771103515624,22948.6865234375,21024.105078125,0,0,0,0,0,20187.244140625,0,0
2023-03-12,33,Fear,,20628.029296875,22163.94921875,20448.806640625,22185.03125,29279035521,0.07422977009964415,48.37796205656339,19713.615751953126,22936.4130078125,21012.941015625,0,0,0,0,0,20187.244140625,0,0
2023-03-13,49,Neutral,,22156.40625,24197.533203125,21918.19921875,24550.837890625,49466362688,0.09175187888693825,60.842692847859055,19726.598896484375,22965.9553515625,21508.831640625,0,0,0,0,0,20187.244140625,0,0
2023-03-14,56,Greed,,24201.765625,24746.07421875,24081.18359375,26514.716796875,54622230164,0.022669294883089997,63.40924892855432,19749.029169921876,23002.188203125,22385.4421875,1,0,0,0,0,20187.244140625,0,0
2023-03-15,50,Neutral,,24770.92578125,24375.9609375,23964.91015625,25240.615234375,43655701450,-0.014956444322371198,60.526582815953255,19770.700283203125,23036.978046875,23223.185546875,0,0,0,0,0,20187.244140625,0,0
2023-03-16,52,Neutral,,24373.45703125,25052.7890625,24225.111328125,25190.326171875,33866061747,0.027766213062754286,63.77024447883045,19797.88015625,23075.676640625,24107.261328125,1,0,0,0,0,20187.244140625,0,0
2023-03-17,51,Neutral,,25055.123046875,27423.9296875,24955.169921875,27787.8125,50730261335,0.0946457745317153,72.34419126802975,19833.509833984375,23163.4996875,25159.257421875,1,0,0,1,0,20187.244140625,0,1
2023-03-18,64,Greed,,27448.1171875,26965.87890625,26636.26171875,27725.953125,35723036817,-0.01670259464889101,68.94959521772581,19869.355185546876,23241.2426953125,25712.9265625,1,0,0,0,0,20187.244140625,0,0
2023-03-19,63,Greed,,26969.50390625,28038.67578125,26907.716796875,28440.560546875,37769448859,0.039783493752593824,72.23555326324652,19909.29974609375,23341.3944140625,26371.446875,1,0,0,1,0,20187.244140625,0,1
2023-03-20,66,Greed,,28041.6015625,27767.236328125,27242.880859375,28527.724609375,44774027664,-0.00968089417783835,70.21095081507166,19947.500224609375,23421.2478125,27049.701953125,1,0,0,1,0,20632.41015625,0,1
2023-03-21,68,Greed,,27768.392578125,28175.81640625,27439.646484375,28439.5625,36102192830,0.014714466837708162,71.50555742054897,19988.53044921875,23527.9613671875,27674.307421875,1,0,0,1,0,22163.94921875,0,1
2023-03-22,62,Greed,,28158.720703125,27307.4375,26759.99609375,28803.3359375,33382021890,-0.030820008681536337,65.03630905214327,20025.907197265624,23611.324453125,27651.008984375,1,0,0,0,0,24197.533203125,0,0
2023-03-23,57,Greed,,27301.95703125,28333.97265625,27183.36328125,28729.84375,24220433689,0.03759177902540278,68.64738813676304,20067.64349609375,23703.528515625,27924.627734375,1,0,0,0,0,24375.9609375,0,0
2023-03-24,61,Greed,,28324.111328125,27493.28515625,27039.265625,28388.4375,25980310960,-0.02967065403073854,62.91640570354892,20106.04806640625,23783.956796875,27815.549609375,1,0,0,0,0,24375.9609375,0,0
2023-03-25,64,Greed,,27487.337890625,27494.70703125,27196.234375,27791.826171875,13383005987,5.17171735541222e-05,62.92204379814198,20149.33326171875,23864.8644921875,27761.04375,1,0,0,0,0,25052.7890625,0,0
2023-03-26,64,Greed,,27495.5234375,27994.330078125,27445.046875,28178.14453125,13878363192,0.018171608313816145,64.93919366211325,20192.853291015625,23958.114140625,27724.746484375,1,0,0,0,0,26965.87890625,0,0
2023-03-27,64,Greed,,27994.068359375,27139.888671875,26606.689453125,28037.92578125,18188895178,-0.03052194511765327,59.02515672030715,20231.903564453125,24041.79859375,27691.23671875,1,0,0,0,0,26965.87890625,0,0
2023-03-28,59,Greed,,27132.888671875,27268.130859375,26677.818359375,27460.71875,17783600385,0.004725228944394866,59.61956041238402,20261.33845703125,24131.9590234375,27478.068359375,1,0,0,0,0,27139.888671875,0,0
2023-03-29,57,Greed,,27267.03125,28348.44140625,27259.662109375,28619.54296875,20684945906,0.0396180637553154,64.31572640890481,20294.67796875,24233.64203125,27649.099609375,1,0,0,0,0,27139.888671875,0,0
2023-03-30,60,Greed,,28350.140625,28033.5625,27720.16015625,29159.90234375,22435349951,-0.0111074503792854,62.0505719492072,20325.999501953123,24335.5253125,27756.870703125,1,0,0,0,0,27139.888671875,0,0
2023-03-31,63,Greed,,28032.26171875,28478.484375,27583.71484375,28639.896484375,19001327598,0.015871042968584437,63.980930593049635,20356.539677734374,24468.71421875,27853.7015625,1,0,0,0,0,27139.888671875,0,0
2023-04-01,61,Greed,,28473.33203125,28411.03515625,28297.171875,28802.45703125,10876469901,-0.0023684272611504964,63.45398049599863,20397.111318359373,24603.91125,28107.930859375,1,0,0,0,0,27139.888671875,0,0
2023-04-02,63,Greed,,28462.845703125,28199.30859375,27884.087890625,28518.958984375,12284641999,-0.00745226498561502,61.73514422507353,20436.902412109375,24730.479921875,28294.16640625,1,0,0,0,0,27139.888671875,0,0
2023-04-03,63,Greed,,28183.080078125,27790.220703125,27276.720703125,28475.623046875,19556501327,-0.014507018470504951,58.441167808267124,20477.3474609375,24850.5202734375,28182.522265625,1,0,0,0,0,27139.888671875,0,0
2023-04-04,62,Greed,,27795.2734375,28168.08984375,27681.3046875,28433.7421875,15284538859,0.0135971982612757,60.5357680923428,20519.324990234374,24977.7200390625,28209.427734375,1,0,0,0,0,27139.888671875,0,0
2023-04-05,62,Greed,,28169.7265625,28177.984375,27843.763671875,28739.23828125,17052315986,0.000351267384649967,60.59177777966115,20559.57703125,25096.8636328125,28149.327734375,1,0,0,0,0,27139.888671875,0,0
2023-04-06,63,Greed,,28175.2265625,28044.140625,27738.759765625,28178.384765625,13837809380,-0.004749940528704033,59.36441419129267,20602.700205078127,25171.589609375,28075.948828125,1,0,0,0,0,27268.130859375,0,0
2023-04-07,64,Greed,,28038.966796875,27925.859375,27794.03125,28111.59375,10861680497,-0.004217681389550476,58.241631864852074,20644.608857421874,25257.6373046875,28021.258984375,1,0,0,0,0,27790.220703125,0,0
2023-04-08,61,Greed,,27920.513671875,27947.794921875,27883.38671875,28159.86328125,9373255556,0.0007854922772632111,58.39877403794499,20689.89388671875,25325.281171875,28052.773828125,1,0,0,0,0,27790.220703125,0,0
2023-04-09,61,Greed,,27952.3671875,28333.05078125,27828.48046875,28532.830078125,12175322951,0.013784839213681899,61.16304063831222,20738.822138671876,25399.116640625,28085.766015625,1,0,0,0,0,27790.220703125,0,0
2023-04-10,62,Greed,,28336.02734375,29652.98046875,28189.271484375,29771.46484375,19282400094,0.04658621825410658,68.80981076118758,20790.019287109375,25505.6233984375,28380.765234375,1,0,0,0,0,27790.220703125,0,0
2023-04-11,68,Greed,,29653.6796875,30235.05859375,29609.30078125,30509.083984375,20121259843,0.019629666758571807,71.4769401901866,20844.70638671875,25613.7416015625,28818.948828125,1,0,0,1,0,27790.220703125,0,1
2023-04-12,65,Greed,,30231.58203125,30139.052734375,29725.57421875,30462.48046875,18651929926,-0.003175315803583212,70.40752510791272,20900.716591796874,25727.7955859375,29261.5875,1,0,0,1,0,27790.220703125,0,1
2023-04-13,61,Greed,,29892.740234375,30399.06640625,29878.623046875,30539.845703125,17487721001,0.00862713483952482,71.64488188403605,20958.701435546875,25852.0000390625,29751.841796875,1,0,0,1,0,27925.859375,0,1
2023-04-14,68,Greed,,30409.5625,30485.69921875,30044.498046875,31005.607421875,22659995079,0.002849851088919886,72.06401174703784,21015.016572265624,25982.7641796875,30182.371484375,1,0,0,1,0,27925.859375,0,1
2023-04-15,68,Greed,,30490.75,30318.49609375,30245.8828125,30601.740234375,11940685378,-0.005484641300179338,69.91598212095947,21071.056318359377,26125.1715625,30315.474609375,1,0,0,0,0,27925.859375,0,0
2023-04-16,68,Greed,,30315.9765625,30315.35546875,30157.83203125,30555.537109375,12854816417,-0.00010358775680330279,69.87385198177074,21125.4994921875,26267.971171875,30331.533984375,1,0,0,0,0,27925.859375,0,0
2023-04-17,69,Greed,,30317.146484375,29445.044921875,29275.37109375,30319.197265625,17872186762,-0.028708571396173888,59.22372060056345,21174.859462890625,26385.6478125,30192.732421875,1,0,0,0,0,27947.794921875,0,0
2023-04-18,58,Greed,,29449.091796875,30397.552734375,29154.849609375,30470.302734375,19480529496,0.032348662229154,65.4334817994814,21229.68828125,26523.1414453125,30192.4296875,1,0,0,0,0,28333.05078125,0,0
2023-04-19,63,Greed,,30394.1875,28822.6796875,28669.8984375,30411.0546875,24571565421,-0.0518092051895368,51.475324624058146,21277.241201171873,26636.64796875,29859.82578125,1,0,0,0,0,28822.6796875,0,0
2023-04-20,52,Neutral,,28823.68359375,28245.98828125,28037.2578125,29076.400390625,21340360360,-0.020008250880993006,47.48110887507952,21323.25060546875,26728.63671875,29445.32421875,1,0,0,0,0,28245.98828125,0,0
2023-04-21,50,Neutral,,28249.23046875,27276.91015625,27177.365234375,28349.96875,20759504330,-0.034308522518338824,41.63471564795767,21361.517255859377,26804.6655859375,28837.63515625,0,0,0,0,0,27276.91015625,0,0
2023-04-22,53,Neutral,,27265.89453125,27817.5,27169.5703125,27872.142578125,13125734602,0.01981858797984626,45.65468769909075,21398.920537109374,26913.7619921875,28512.126171875,1,0,0,0,0,27276.91015625,0,0
2023-04-23,56,Greed,,27816.14453125,27591.384765625,27400.314453125,27820.244140625,12785446832,-0.008128524647254443,44.28086358565131,21436.073876953124,27018.5226953125,27950.892578125,1,0,0,0,0,27276.91015625,0,0
2023-04-24,53,Neutral,,27591.73046875,27525.33984375,27070.849609375,27979.982421875,17703288330,-0.002393679129772508,43.865656569888024,21473.923359375,27120.31921875,27691.424609375,1,0,0,0,0,27276.91015625,0,0
