2023-02-15 19:52:44.898155,Buy,0.01,1575.8,1578.8,1575.75
2023-02-15 19:52:44.898155,Sell,0.01,1571.8,1568.8,1571.85
2023-02-15 19:52:44.898155,Buy,0.01,1574.39,1577.39,1574.3400000000001
2023-02-15 19:52:44.898155,Sell,0.01,1570.39,1567.39,1570.44
2023-02-15 19:52:44.898155,Buy,0.01,1573.4,1576.4,1573.3500000000001
2023-02-15 19:52:44.898155,Sell,0.01,1569.4,1566.4,1569.45
2023-02-15 19:52:44.898155,Buy,0.01,1572.01,1575.01,1571.96
2023-02-15 19:52:44.898155,Sell,0.01,1568.01,1565.01,1568.06
2023-02-15 19:52:44.898155,Buy,0.01,1573.46,1576.46,1573.41
2023-02-15 19:52:44.898155,Sell,0.01,1569.46,1566.46,1569.51
2023-02-15 19:52:44.898155,Buy,0.01,1574.77,1577.77,1574.72
2023-02-15 19:52:44.898155,Sell,0.01,1570.77,1567.77,1570.82
2023-02-15 19:52:44.898155,Buy,0.01,1575.86,1578.86,1575.81
2023-02-15 19:52:44.898155,Sell,0.01,1571.86,1568.86,1571.9099999999999
2023-02-15 19:52:44.898155,Buy,0.01,1574.54,1577.54,1574.49
2023-02-15 19:52:44.898155,Sell,0.01,1570.54,1567.54,1570.59
2023-02-15 19:52:44.898155,Buy,0.01,1575.69,1578.69,1575.64
2023-02-15 19:52:44.898155,Sell,0.01,1571.69,1568.69,1571.74
2023-02-15 19:52:44.898155,Buy,0.01,1574.21,1577.21,1574.16
2023-02-15 19:52:44.898155,Sell,0.01,1570.21,1567.21,1570.26
2023-02-15 19:52:44.898155,Buy,0.01,1575.49,1578.49,1575.44
2023-02-15 19:52:44.898155,Sell,0.01,1571.49,1568.49,1571.54
2023-02-15 19:52:44.898155,Buy,0.01,1576.92,1579.92,1576.8700000000001
2023-02-15 19:52:44.898155,Sell,0.01,1572.92,1569.92,1572.97
2023-02-15 19:52:44.898155,Buy,0.01,1578.21,1581.21,1578.16
2023-02-15 19:52:44.898155,Sell,0.01,1574.21,1571.21,1574.26
2023-02-15 19:52:44.898155,Buy,0.01,1579.53,1582.53,1579.48
2023-02-15 19:52:44.898155,Sell,0.01,1575.53,1572.53,1575.58
2023-02-15 20:36:39.078288,Buy,0.01,1590.61,1593.61,1590.56
2023-02-15 20:36:39.135393,Sell,0.01,1586.61,1583.61,1586.6599999999999
2023-02-15 20:37:55.770687,Buy,0.01,1589.4,1592.4,1589.3500000000001
2023-02-15 20:37:55.825589,Sell,0.01,1585.4,1582.4,1585.45
2023-02-15 20:38:02.366803,Buy,0.01,1587.72,1590.72,1587.67
2023-02-15 20:38:02.422133,Sell,0.01,1583.72,1580.72,1583.77
2023-02-15 20:44:20.928668,Buy,0.01,1586.45,1589.45,1586.4
2023-02-15 20:44:20.987737,Sell,0.01,1582.45,1579.45,1582.5
2023-02-15 20:45:17.207456,Buy,0.01,1587.79,1590.79,1587.74
2023-02-15 20:45:17.259196,Sell,0.01,1583.79,1580.79,1583.84
2023-02-15 20:47:37.559056,Buy,0.01,1586.45,1589.45,1586.4
2023-02-15 20:47:37.611008,Sell,0.01,1582.45,1579.45,1582.5
2023-02-15 20:48:25.305949,Buy,0.01,1585.01,1588.01,1584.96
2023-02-15 20:48:25.360827,Sell,0.01,1581.01,1578.01,1581.06
2023-02-15 20:51:09.748130,Buy,0.01,1583.64,1586.64,1583.5900000000001
2023-02-15 20:51:09.801522,Sell,0.01,1579.64,1576.64,1579.69
2023-02-15 20:52:16.893263,Buy,0.01,1584.99,1587.99,1584.94
2023-02-15 20:52:16.948700,Sell,0.01,1580.99,1577.99,1581.04
2023-02-15 20:52:57.254864,Buy,0.01,1583.75,1586.75,1583.7
2023-02-15 20:52:57.307275,Sell,0.01,1579.75,1576.75,1579.8
2023-02-15 20:55:26.136577,Buy,0.01,1584.98,1587.98,1584.93
2023-02-15 20:55:26.189660,Sell,0.01,1580.98,1577.98,1581.03
2023-02-15 21:00:07.673111,Buy,0.01,1586.27,1589.27,1586.22
2023-02-15 21:00:07.732974,Sell,0.01,1582.27,1579.27,1582.32
2023-02-15 21:01:14.959635,Buy,0.01,1585.02,1588.02,1584.97
2023-02-15 21:01:15.015968,Sell,0.01,1581.02,1578.02,1581.07
2023-02-15 21:12:09.272332,Buy,0.01,1583.79,1586.79,1583.74
2023-02-15 21:12:09.327236,Sell,0.01,1579.79,1576.79,1579.84
2023-02-15 21:13:55.486794,Buy,0.01,1582.42,1585.42,1582.3700000000001
2023-02-15 21:13:55.544469,Sell,0.01,1578.42,1575.42,1578.47
2023-02-15 21:14:56.512488,Buy,0.01,1580.53,1583.53,1580.48
2023-02-15 21:14:56.591856,Sell,0.01,1576.53,1573.53,1576.58
2023-02-15 21:15:11.630543,Buy,0.01,1582.19,1585.19,1582.14
2023-02-15 21:15:11.701543,Sell,0.01,1578.19,1575.19,1578.24
2023-02-15 21:17:26.737522,Buy,0.01,1580.94,1583.94,1580.89
2023-02-15 21:17:26.788746,Sell,0.01,1576.94,1573.94,1576.99
2023-02-15 21:19:50.723768,Buy,0.01,1582.51,1585.51,1582.46
2023-02-15 21:19:50.784355,Sell,0.01,1578.51,1575.51,1578.56
2023-02-15 21:22:43.698103,Buy,0.01,1583.71,1586.71,1583.66
2023-02-15 21:22:43.856989,Sell,0.01,1579.71,1576.71,1579.76
2023-02-15 21:23:02.846490,Buy,0.01,1582.51,1585.51,1582.46
2023-02-15 21:23:02.906627,Sell,0.01,1578.51,1575.51,1578.56
2023-02-15 21:25:34.998513,Buy,0.01,1583.99,1586.99,1583.94
2023-02-15 21:25:35.055820,Sell,0.01,1579.99,1576.99,1580.04
2023-02-15 21:30:01.784964,Buy,0.01,1580.98,1583.98,1580.93
2023-02-15 21:30:01.864331,Sell,0.01,1576.98,1573.98,1577.03
2023-02-15 21:31:28.045947,Buy,0.01,1582.64,1585.64,1582.5900000000001
2023-02-15 21:31:28.104023,Sell,0.01,1578.64,1575.64,1578.69
2023-02-15 21:31:37.579206,Buy,0.01,1581.3,1584.3,1581.25
2023-02-15 21:31:37.632888,Sell,0.01,1577.3,1574.3,1577.35
2023-02-15 21:32:08.386096,Buy,0.01,1579.05,1582.05,1579.0
2023-02-15 21:32:08.438862,Sell,0.01,1575.05,1572.05,1575.1
2023-02-15 21:32:27.486875,Buy,0.01,1577.55,1580.55,1577.5
2023-02-15 21:32:27.542193,Sell,0.01,1573.55,1570.55,1573.6
2023-02-15 21:32:40.006540,Buy,0.01,1578.83,1581.83,1578.78
2023-02-15 21:32:40.062842,Sell,0.01,1574.83,1571.83,1574.8799999999999
2023-02-15 21:32:45.480487,Buy,0.01,1580.11,1583.11,1580.06
2023-02-15 21:32:45.533663,Sell,0.01,1576.11,1573.11,1576.1599999999999
2023-02-15 21:33:30.645739,Buy,0.01,1578.54,1581.54,1578.49
2023-02-15 21:33:30.702296,Sell,0.01,1574.54,1571.54,1574.59
2023-02-15 21:34:26.670894,Buy,0.01,1577.05,1580.05,1577.0
2023-02-15 21:34:26.725446,Sell,0.01,1573.05,1570.05,1573.1
2023-02-15 21:34:40.218049,Buy,0.01,1578.26,1581.26,1578.21
2023-02-15 21:34:40.271816,Sell,0.01,1574.26,1571.26,1574.31
2023-02-15 21:34:48.287748,Buy,0.01,1579.66,1582.66,1579.6100000000001
2023-02-15 21:34:48.346279,Sell,0.01,1575.66,1572.66,1575.71
2023-02-15 21:34:59.077180,Buy,0.01,1578.4,1581.4,1578.3500000000001
2023-02-15 21:34:59.130238,Sell,0.01,1574.4,1571.4,1574.45
2023-02-15 21:35:16.356340,Buy,0.01,1579.73,1582.73,1579.68
2023-02-15 21:35:16.411355,Sell,0.01,1575.73,1572.73,1575.78
2023-03-14 20:09:24.875908,Buy,0.01,1683.26,1686.26,1683.21
2023-03-14 20:09:24.959807,Sell,0.01,1679.26,1676.26,1679.31
2023-03-14 20:11:15.005584,Buy,5,1684.3,1689.3,1684.25
2023-03-14 20:11:15.060244,Sell,5,1680.3,1675.3,1680.35
2023-03-14 20:11:18.614558,Buy,5,1685.74,1690.74,1685.69
2023-03-14 20:11:18.679668,Sell,5,1681.74,1676.74,1681.79
2023-03-14 20:11:18.885151,Buy,5,1685.73,1695.73,1685.68
2023-03-14 20:11:18.933344,Sell,5,1681.73,1671.73,1681.78
2023-03-14 20:11:19.088994,Buy,5,1685.73,1705.73,1685.68
2023-03-14 20:11:19.137401,Sell,5,1681.73,1661.73,1681.78
2023-03-14 20:29:22.537690,Buy,3,1686.51,1691.51,1686.46
2023-03-14 20:29:22.590877,Sell,3,1682.51,1677.51,1682.56
2023-03-14 20:29:30.998517,Buy,3,1685.26,1690.26,1685.21
2023-03-14 20:29:31.050736,Sell,3,1681.26,1676.26,1681.31
2023-03-14 20:29:31.169566,Buy,3,1685.1,1695.1,1685.05
2023-03-14 20:29:31.224128,Sell,3,1681.1,1671.1,1681.1499999999999
2023-03-14 20:29:31.536097,Buy,3,1684.99,1704.99,1684.94
2023-03-14 20:29:31.587884,Sell,3,1680.99,1660.99,1681.04
2023-03-14 20:29:43.630009,Buy,3,1686.07,1691.07,1686.02
2023-03-14 20:29:43.678464,Sell,3,1682.07,1677.07,1682.12
2023-03-14 20:29:43.797114,Buy,3,1686.32,1696.32,1686.27
2023-03-14 20:29:43.850854,Sell,3,1682.32,1672.32,1682.37
2023-03-14 20:29:44.142150,Buy,3,1686.32,1706.32,1686.27
2023-03-14 20:29:44.191217,Sell,3,1682.32,1662.32,1682.37
2023-03-14 20:29:51.074914,Buy,3,1685.41,1690.41,1685.3600000000001
2023-03-14 20:29:51.126117,Sell,3,1681.41,1676.41,1681.46
2023-03-14 20:29:51.251523,Buy,3,1685.19,1695.19,1685.14
2023-03-14 20:29:51.299758,Sell,3,1681.19,1671.19,1681.24
2023-03-14 20:29:51.562708,Buy,3,1685.19,1705.19,1685.14
2023-03-14 20:29:51.612683,Sell,3,1681.19,1661.19,1681.24
2023-03-14 20:29:54.932657,Buy,3,1683.04,1688.04,1682.99
2023-03-14 20:29:54.991906,Sell,3,1679.04,1674.04,1679.09
2023-03-14 20:29:55.107331,Buy,3,1683.04,1693.04,1682.99
2023-03-14 20:29:55.157118,Sell,3,1679.04,1669.04,1679.09
2023-03-14 20:29:55.296588,Buy,3,1682.95,1702.95,1682.9
2023-03-14 20:29:55.346816,Sell,3,1678.95,1658.95,1679.0
2023-03-14 20:30:10.756743,Buy,3,1682.67,1687.67,1682.6200000000001
2023-03-14 20:30:10.808050,Sell,3,1678.67,1673.67,1678.72
2023-04-19 17:20:55.393190,Buy,0.01,1984.45,1989.45,1982.45
2023-04-19 17:20:55.473624,Sell,0.01,1974.45,1969.45,1976.45
2023-04-19 17:23:30.848426,Buy,0.01,1987.29,1992.29,1985.29
2023-04-19 17:23:30.907307,Sell,0.01,1977.29,1972.29,1979.29
2023-04-19 17:38:06.642511,Buy,0.01,1991.6,1996.6,1989.6
2023-04-19 17:38:06.707080,Sell,0.01,1981.6,1976.6,1983.6
2023-04-19 17:38:06.833609,Buy,0.01,1991.61,2001.61,1989.61
2023-04-19 17:38:06.886186,Sell,0.01,1981.61,1971.61,1983.61
2023-04-19 17:38:07.015094,Buy,0.01,1991.61,2011.61,1989.61
2023-04-19 17:38:07.068404,Sell,0.01,1981.61,1961.61,1983.61
2023-04-19 17:44:04.183466,Buy,0.01,1991.01,1996.01,1989.01
2023-04-19 17:44:04.318718,Sell,0.01,1981.01,1976.01,1983.01
2023-04-19 17:44:04.643617,Buy,0.01,1991.01,2001.01,1989.01
2023-04-19 17:44:04.699569,Sell,0.01,1981.01,1971.01,1983.01
2023-04-19 17:46:27.111148,Buy,0.01,1986.71,1991.71,1984.71
2023-04-19 17:46:27.164721,Sell,0.01,1976.71,1971.71,1978.71
2023-04-19 17:46:27.301402,Buy,0.01,1986.81,1996.81,1984.81
2023-04-19 17:46:27.351852,Sell,0.01,1976.81,1966.81,1978.81
2023-04-19 19:33:35.017956,Buy,0.01,1984.11,1989.11,1982.11
2023-04-19 19:33:35.073986,Sell,0.01,1974.11,1969.11,1976.11
2023-04-19 19:33:35.382410,Buy,0.01,1984.16,1994.16,1982.16
2023-04-19 19:33:35.511682,Sell,0.01,1974.16,1964.16,1976.16
2023-04-19 20:34:46.908330,Buy,0.01,1980.99,1985.99,1978.99
2023-04-19 20:34:46.964162,Sell,0.01,1970.99,1965.99,1972.99
2023-04-19 20:34:47.355349,Buy,0.01,1980.99,1990.99,1978.99
2023-04-19 20:34:47.487604,Sell,0.01,1970.99,1960.99,1972.99
2023-04-19 20:56:30.018530,Buy,0.01,1981.49,1986.49,1979.49
2023-04-19 20:56:30.075599,Sell,0.01,1971.49,1966.49,1973.49
2023-04-19 20:56:30.308395,Buy,0.01,1981.37,1991.37,1979.37
2023-04-19 20:56:30.441987,Sell,0.01,1971.37,1961.37,1973.37
2023-05-10 18:26:02.532817,Buy,0.01,1844.03,1849.03,1839.03
2023-05-10 18:26:02.627047,Sell,0.01,1834.03,1829.03,1839.03
2023-05-10 18:26:02.890742,Buy,0.01,1843.83,1853.83,1838.83
2023-05-10 18:26:02.944953,Sell,0.01,1833.83,1823.83,1838.83
2023-05-12 14:15:08.084700,Buy,1,1747.88,1752.88,1742.88
2023-05-12 14:15:08.177917,Sell,1,1739.88,1734.88,1744.88
2023-05-12 14:15:08.313682,Buy,1,1747.88,1757.88,1742.88
2023-05-12 14:15:08.374057,Sell,1,1739.88,1729.88,1744.88
2023-05-12 14:15:41.497331,Buy,1,1750.95,1755.95,1745.95
2023-05-12 14:15:41.554088,Sell,1,1742.95,1737.95,1747.95
2023-05-12 14:15:41.679216,Buy,1,1750.96,1760.96,1745.96
2023-05-12 14:15:41.732306,Sell,1,1742.96,1732.96,1747.96
2023-05-12 14:19:58.478046,Buy,1,1747.17,1752.17,1742.17
2023-05-12 14:19:58.615780,Sell,1,1739.17,1734.17,1744.17
2023-05-12 14:19:58.788093,Buy,1,1747.17,1757.17,1742.17
2023-05-12 14:19:58.853456,Sell,1,1739.17,1729.17,1744.17
2023-05-12 14:26:33.030949,Buy,1,1750.3,1755.3,1745.3
2023-05-12 14:26:33.100899,Sell,1,1742.3,1737.3,1747.3
2023-05-12 14:26:33.336552,Buy,1,1750.3,1760.3,1745.3
2023-05-12 14:26:33.396135,Sell,1,1742.3,1732.3,1747.3
2023-05-12 14:35:29.775926,Buy,1,1753.66,1758.66,1748.66
2023-05-12 14:35:29.840296,Sell,1,1745.66,1740.66,1750.66
2023-05-12 14:35:29.992217,Buy,1,1753.66,1763.66,1748.66
2023-05-12 14:35:30.061554,Sell,1,1745.66,1735.66,1750.66
2023-05-12 14:48:00.262940,Buy,1,1756.93,1761.93,1751.93
2023-05-12 14:48:00.320676,Sell,1,1748.93,1743.93,1753.93
2023-05-12 14:48:00.499261,Buy,1,1757.44,1767.44,1752.44
2023-05-12 14:48:00.568614,Sell,1,1749.44,1739.44,1754.44
2023-05-12 14:48:01.173291,Buy,1,1757.44,1762.44,1752.44
2023-05-12 14:48:01.228801,Sell,1,1749.44,1744.44,1754.44
2023-05-12 14:48:01.594180,Buy,1,1758.44,1768.44,1753.44
2023-05-12 14:48:01.645026,Sell,1,1750.44,1740.44,1755.44
2023-05-12 14:49:49.341761,Buy,1,1755.28,1760.28,1750.28
2023-05-12 14:49:49.413411,Sell,1,1747.28,1742.28,1752.28
2023-05-12 14:49:49.646638,Buy,1,1755.29,1765.29,1750.29
2023-05-12 14:49:49.696523,Sell,1,1747.29,1737.29,1752.29
2023-05-12 14:50:24.824409,Buy,1,1758.73,1763.73,1753.73
2023-05-12 14:50:24.881168,Sell,1,1750.73,1745.73,1755.73
2023-05-12 14:50:25.060195,Buy,1,1758.73,1768.73,1753.73
2023-05-12 14:50:25.113904,Sell,1,1750.73,1740.73,1755.73
2023-05-12 14:50:25.961454,Buy,1,1759.05,1764.05,1754.05
2023-05-12 14:50:26.018158,Sell,1,1751.05,1746.05,1756.05
2023-05-12 14:50:26.154976,Buy,1,1759.05,1769.05,1754.05
2023-05-12 14:50:26.212303,Sell,1,1751.05,1741.05,1756.05
2023-05-12 15:05:30.066357,Buy,1,1762.59,1767.59,1757.59
2023-05-12 15:05:30.124051,Sell,1,1754.59,1749.59,1759.59
2023-05-12 15:05:30.372512,Buy,1,1762.59,1772.59,1757.59
2023-05-12 15:05:30.440696,Sell,1,1754.59,1744.59,1759.59
2023-05-12 15:12:11.682273,Buy,1,1759.51,1764.51,1754.51
2023-05-12 15:12:11.816854,Sell,1,1751.51,1746.51,1756.51
2023-05-12 15:12:11.939666,Buy,1,1759.51,1769.51,1754.51
2023-05-12 15:12:11.991477,Sell,1,1751.51,1741.51,1756.51
2023-05-12 15:12:12.772643,Buy,1,1759.51,1764.51,1754.51
2023-05-12 15:12:12.822120,Sell,1,1751.51,1746.51,1756.51
2023-05-12 15:12:12.981377,Buy,1,1759.51,1769.51,1754.51
2023-05-12 15:12:13.061584,Sell,1,1751.51,1741.51,1756.51
2023-05-12 15:16:24.764938,Buy,1,1762.6,1767.6,1757.6
2023-05-12 15:16:24.820577,Sell,1,1754.6,1749.6,1759.6
2023-05-12 15:16:24.965300,Buy,1,1762.56,1772.56,1757.56
2023-05-12 15:16:25.015041,Sell,1,1754.56,1744.56,1759.56
2023-05-12 15:22:29.748384,Buy,1,1759.38,1764.38,1754.38
2023-05-12 15:22:29.856402,Sell,1,1751.38,1746.38,1756.38
2023-05-12 15:22:30.205943,Buy,1,1759.38,1769.38,1754.38
2023-05-12 15:22:30.344078,Sell,1,1751.38,1741.38,1756.38
2023-05-12 15:22:31.260012,Buy,1,1759.38,1764.38,1754.38
2023-05-12 15:22:31.316305,Sell,1,1751.38,1746.38,1756.38
2023-05-12 15:22:31.624909,Buy,1,1759.38,1769.38,1754.38
2023-05-12 15:22:31.682335,Sell,1,1751.38,1741.38,1756.38
2023-05-12 15:24:31.406535,Buy,1,1762.44,1767.44,1757.44
2023-05-12 15:24:31.457911,Sell,1,1754.44,1749.44,1759.44
2023-05-12 15:24:31.591928,Buy,1,1762.44,1772.44,1757.44
2023-05-12 15:24:31.649608,Sell,1,1754.44,1744.44,1759.44
2023-05-12 16:29:15.152517,Buy,1,1759.44,1764.44,1754.44
2023-05-12 16:29:15.209261,Sell,1,1751.44,1746.44,1756.44
2023-05-12 16:29:15.341706,Buy,1,1759.44,1769.44,1754.44
2023-05-12 16:29:15.397742,Sell,1,1751.44,1741.44,1756.44
2023-05-12 16:38:31.515899,Buy,1,1762.59,1767.59,1757.59
2023-05-12 16:38:31.576721,Sell,1,1754.59,1749.59,1759.59
2023-05-12 16:38:31.812186,Buy,1,1762.59,1772.59,1757.59
2023-05-12 16:38:31.864865,Sell,1,1754.59,1744.59,1759.59
2023-05-12 16:43:20.752983,Buy,1,1765.75,1770.75,1760.75
2023-05-12 16:43:20.805561,Sell,1,1757.75,1752.75,1762.75
2023-05-12 16:43:20.975785,Buy,1,1765.75,1775.75,1760.75
2023-05-12 16:43:21.028839,Sell,1,1757.75,1747.75,1762.75
2023-05-12 17:02:27.230611,Buy,1,1768.7,1773.7,1763.7
2023-05-12 17:02:27.285420,Sell,1,1760.7,1755.7,1765.7
2023-05-12 17:02:27.428247,Buy,1,1768.71,1778.71,1763.71
2023-05-12 17:02:27.485999,Sell,1,1760.71,1750.71,1765.71
2023-05-15 14:46:23.267171,Buy,0.01,1832.24,1837.24,1829.24
2023-05-15 14:46:23.331355,Sell,0.01,1824.24,1819.24,1827.24
2023-05-15 14:58:08.411572,Buy,0.01,1835.24,1840.24,1832.24
2023-05-15 14:58:08.465921,Sell,0.01,1827.24,1822.24,1830.24
2023-05-15 15:41:07.242809,Buy,0.01,1831.89,1836.89,1828.89
2023-05-15 15:41:07.292292,Sell,0.01,1823.89,1818.89,1826.89
2023-05-15 16:45:22.140716,Buy,0.01,1834.94,1839.94,1831.94
2023-05-15 16:45:22.198500,Sell,0.01,1826.94,1821.94,1829.94
2023-05-15 17:15:52.221458,Buy,0.01,1831.71,1836.71,1828.71
2023-05-15 17:15:52.276137,Sell,0.01,1823.71,1818.71,1826.71
2023-05-15 17:49:28.846485,Buy,0.01,1828.88,1833.88,1825.88
2023-05-15 17:49:28.897608,Sell,0.01,1820.88,1815.88,1823.88
2023-05-15 17:56:27.535097,Buy,0.01,1832.11,1837.11,1829.11
2023-05-15 17:56:27.587160,Sell,0.01,1824.11,1819.11,1827.11
2023-05-15 18:16:54.140937,Buy,0.01,1829.05,1834.05,1826.05
2023-05-15 18:16:54.192220,Sell,0.01,1821.05,1816.05,1824.05
2023-05-15 19:30:12.660756,Buy,0.01,1831.84,1836.84,1828.84
2023-05-15 19:30:12.833927,Sell,0.01,1823.84,1818.84,1826.84
2023-05-15 19:39:37.280685,Buy,0.01,1828.84,1833.84,1825.84
2023-05-15 19:39:37.353647,Sell,0.01,1820.84,1815.84,1823.84
2023-05-30 13:08:47.975269,Buy,0.01,1900.47,1905.47,1897.47
2023-05-30 13:08:48.074522,Sell,0.01,1892.47,1887.47,1895.47
2023-05-30 14:03:22.797140,Buy,0.01,1903.96,1908.96,1900.96
2023-05-30 14:03:22.847613,Sell,0.01,1895.96,1890.96,1898.96
2023-06-01 12:03:14.592745,Buy,0.01,1858.7,1863.7,1855.7
2023-06-01 12:03:14.806653,Sell,0.01,1850.7,1845.7,1853.7
2023-06-01 12:25:48.920977,Buy,0.01,1855.65,1860.65,1852.65
2023-06-01 12:25:49.093364,Sell,0.01,1847.65,1842.65,1850.65
2023-06-01 12:27:15.635925,Buy,0.01,1856.3,1861.3,1853.3
2023-06-01 12:27:15.778822,Sell,0.01,1848.3,1843.3,1851.3
2023-06-01 12:27:31.592755,Buy,0.01,1856.3,1861.3,1853.3
2023-06-01 12:27:31.657039,Sell,0.01,1848.3,1843.3,1851.3
2023-06-01 12:44:47.979721,Buy,0.01,1859.35,1864.35,1856.35
2023-06-01 12:44:48.039812,Sell,0.01,1851.35,1846.35,1854.35
2023-06-01 16:24:10.465357,Buy,0.01,1859.27,1864.27,1856.27
2023-06-01 16:24:10.528274,Sell,0.01,1851.27,1846.27,1854.27
2023-06-01 16:46:42.298219,Buy,0.01,1862.27,1867.27,1859.27
2023-06-01 16:46:42.353892,Sell,0.01,1854.27,1849.27,1857.27
2023-06-01 17:04:09.785998,Buy,0.01,1865.35,1870.35,1862.35
2023-06-01 17:04:09.849262,Sell,0.01,1857.35,1852.35,1860.35
2023-06-01 17:36:17.614603,Buy,0.01,1868.7,1873.7,1865.7
2023-06-01 17:36:17.757764,Sell,0.01,1860.7,1855.7,1863.7
2023-06-01 17:41:26.350956,Buy,0.01,1865.58,1870.58,1862.58
2023-06-01 17:41:26.410049,Sell,0.01,1857.58,1852.58,1860.58
2023-06-01 18:57:08.852046,Buy,0.01,1862.59,1867.59,1859.59
2023-06-01 18:57:08.987140,Sell,0.01,1854.59,1849.59,1857.59
2023-06-01 20:17:39.316526,Buy,0.01,1859.67,1864.67,1856.67
2023-06-01 20:17:39.376736,Sell,0.01,1851.67,1846.67,1854.67
2023-06-01 20:18:54.715040,Buy,0.01,1862.95,1867.95,1859.95
2023-06-01 20:18:54.771798,Sell,0.01,1854.95,1849.95,1857.95
2023-06-01 20:31:26.103229,Buy,0.01,1866.87,1871.87,1863.87
2023-06-01 20:31:26.160737,Sell,0.01,1858.87,1853.87,1861.87
2023-06-01 21:01:52.633057,Buy,0.01,1869.82,1874.82,1866.82
2023-06-01 21:01:52.708190,Sell,0.01,1861.82,1856.82,1864.82
2023-06-01 21:16:26.765750,Buy,0.01,1866.48,1871.48,1863.48
2023-06-01 21:16:26.910073,Sell,0.01,1858.48,1853.48,1861.48
2023-06-01 21:44:32.269301,Buy,0.01,1863.46,1868.46,1860.46
2023-06-01 21:44:32.336285,Sell,0.01,1855.46,1850.46,1858.46
2023-06-01 21:58:11.927413,Buy,0.01,1866.72,1871.72,1863.72
2023-06-01 21:58:11.991101,Sell,0.01,1858.72,1853.72,1861.72
2023-06-01 22:18:35.155744,Buy,0.01,1863.72,1868.72,1860.72
2023-06-01 22:18:35.292765,Sell,0.01,1855.72,1850.72,1858.72
2023-06-01 22:19:21.024427,Buy,0.01,1860.66,1865.66,1857.66
2023-06-01 22:19:21.101422,Sell,0.01,1852.66,1847.66,1855.66
2023-06-01 22:45:40.531679,Buy,0.01,1863.67,1868.67,1860.67
2023-06-01 22:45:40.593342,Sell,0.01,1855.67,1850.67,1858.67
2023-06-01 23:14:28.667492,Buy,0.01,1866.73,1871.73,1863.73
2023-06-01 23:14:28.819269,Sell,0.01,1858.73,1853.73,1861.73
2023-06-02 00:20:49.490440,Buy,0.01,1869.92,1874.92,1866.92
2023-06-02 00:20:50.003954,Sell,0.01,1861.92,1856.92,1864.92
2023-06-02 00:31:48.598910,Buy,0.01,1866.83,1871.83,1863.83
2023-06-02 00:31:48.699208,Sell,0.01,1858.83,1853.83,1861.83
2023-06-02 09:19:11.221605,Buy,0.01,1863.48,1868.48,1860.48
2023-06-02 09:19:11.278646,Sell,0.01,1855.48,1850.48,1858.48
2023-06-02 09:24:58.838963,Buy,0.01,1867.19,1872.19,1864.19
2023-06-02 09:24:58.897827,Sell,0.01,1859.19,1854.19,1862.19
2023-06-02 09:29:30.839706,Buy,0.01,1871.02,1876.02,1868.02
2023-06-02 09:29:30.897422,Sell,0.01,1863.02,1858.02,1866.02
2023-06-02 10:07:06.398169,Buy,0.01,1874.79,1879.79,1871.79
2023-06-02 10:07:06.464737,Sell,0.01,1866.79,1861.79,1869.79
2023-06-02 10:20:14.563028,Buy,0.01,1877.88,1882.88,1874.88
2023-06-02 10:20:14.696229,Sell,0.01,1869.88,1864.88,1872.88
2023-06-02 10:20:26.265735,Buy,0.01,1881.14,1886.14,1878.14
2023-06-02 10:20:26.325613,Sell,0.01,1873.14,1868.14,1876.14
2023-06-02 12:51:01.130656,Buy,0.01,1889.69,1894.69,1886.69
2023-06-02 12:51:01.309457,Sell,0.01,1881.69,1876.69,1884.69
2023-06-02 13:20:14.359801,Buy,0.01,1892.74,1897.74,1889.74
2023-06-02 13:20:14.422468,Sell,0.01,1884.74,1879.74,1887.74
2023-06-02 13:27:14.060003,Buy,0.01,1889.62,1884.62,1892.62
2023-06-02 13:29:43.486393,Buy,0.01,1888.46,1883.46,1891.46
2023-06-02 13:36:31.282211,Buy,0.01,1897.53,1902.53,1895.53
2023-06-02 13:36:31.340180,Sell,0.01,1889.53,1884.53,1891.53
2023-06-02 13:37:33.982157,Buy,0.01,1897.3,1902.3,1895.3
2023-06-02 13:37:34.123938,Sell,0.01,1889.3,1884.3,1891.3
2023-06-02 13:37:46.742583,Buy,0.01,1897.14,1902.14,1895.14
2023-06-02 13:37:46.793079,Sell,0.01,1889.14,1884.14,1891.14
2023-06-02 13:39:04.437890,Buy,0.01,1897.48,1902.48,1895.48
2023-06-02 13:39:04.583406,Sell,0.01,1889.48,1884.48,1891.48
2023-06-02 14:05:08.346412,Buy,0.01,1894.56,1899.56,1892.56
2023-06-02 14:05:08.410112,Sell,0.01,1886.56,1881.56,1888.56
2023-06-02 15:05:28.892869,Buy,0.01,1891.6,1896.6,1889.6
2023-06-02 15:05:28.950484,Sell,0.01,1883.6,1878.6,1885.6
2023-06-02 16:51:28.463992,Buy,0.01,1894.6,1899.6,1892.6
2023-06-02 16:51:28.596897,Sell,0.01,1886.6,1881.6,1888.6
2023-06-02 16:52:14.368960,Buy,0.01,1886.83,1891.83,1884.83
2023-06-02 16:52:14.433429,Sell,0.01,1894.83,1889.83,1896.83
2023-06-02 19:34:26.364701,Buy,0.01,1890.83,1895.83,1888.83
2023-06-02 19:34:26.426067,Sell,0.01,1898.83,1893.83,1900.83
2023-06-02 20:19:27.207473,Buy,0.01,1889.8,1894.8,1887.8
2023-06-02 20:19:27.262055,Sell,0.01,1897.8,1892.8,1899.8
2023-06-02 20:21:45.792954,Buy,0.01,1898.8,1903.8,1896.8
2023-06-02 20:21:45.852917,Sell,0.01,1890.8,1885.8,1892.8
2023-06-03 20:18:37.527456,Buy,0.01,1908.01,1913.01,1906.01
2023-06-03 20:18:37.612886,Sell,0.01,1900.01,1895.01,1902.01
2023-06-03 21:22:50.283689,Buy,0.01,1904.78,1909.78,1902.78
2023-06-03 21:22:50.570689,Sell,0.01,1896.78,1891.78,1898.78
2023-06-03 23:00:13.131516,Buy,0.01,1901.57,1906.57,1899.57
2023-06-03 23:00:13.212575,Sell,0.01,1893.57,1888.57,1895.57
2023-06-03 23:01:49.078924,Buy,0.01,1904.83,1909.83,1902.83
2023-06-03 23:01:49.146261,Sell,0.01,1896.83,1891.83,1898.83
2023-06-03 23:14:50.780665,Buy,0.01,1901.7,1906.7,1899.7
2023-06-03 23:14:50.845160,Sell,0.01,1893.7,1888.7,1895.7
2023-06-03 23:27:20.211796,Buy,0.01,1904.72,1909.72,1902.72
2023-06-03 23:27:20.370521,Sell,0.01,1896.72,1891.72,1898.72
2023-06-07 01:45:41.127102,Buy,0.01,1883.16,1888.16,1881.16
2023-06-07 01:45:41.286943,Sell,0.01,1875.16,1870.16,1877.16
2023-06-07 01:47:38.164516,Buy,0.01,1880.07,1885.07,1878.07
2023-06-07 01:47:38.224174,Sell,0.01,1872.07,1867.07,1874.07
2023-06-07 01:49:37.096148,Buy,0.01,1877.26,1882.26,1875.26
2023-06-07 01:49:37.141898,Sell,0.01,1869.26,1864.26,1871.26
2023-06-07 01:52:50.237723,Buy,0.01,1880.54,1885.54,1878.54
2023-06-07 01:52:50.390228,Sell,0.01,1872.54,1867.54,1874.54
2023-06-07 01:55:03.906307,Buy,0.01,1876.98,1881.98,1874.98
2023-06-07 01:55:03.963159,Sell,0.01,1868.98,1863.98,1870.98
2023-06-13 20:09:39.741422,Buy,0.01,1754.87,1759.87,1752.87
2023-06-13 20:09:39.858049,Sell,0.01,1746.87,1741.87,1748.87
2023-06-13 20:09:40.019575,Buy,0.01,1754.87,1764.87,1752.87
2023-06-13 20:09:40.148802,Sell,0.01,1746.87,1736.87,1748.87
2023-06-13 20:09:40.437517,Buy,0.01,1754.87,1769.87,1752.87
2023-06-13 20:09:40.594613,Sell,0.01,1746.87,1731.87,1748.87
2023-06-13 20:19:30.100706,Buy,0.01,1751.27,1756.27,1749.27
2023-06-13 20:19:30.162006,Sell,0.01,1743.27,1738.27,1745.27
2023-06-13 20:19:30.880743,Buy,0.01,1751.27,1756.27,1749.27
2023-06-13 20:19:31.034499,Sell,0.01,1743.27,1738.27,1745.27
2023-06-13 20:21:35.702469,Buy,0.01,1754.31,1759.31,1752.31
2023-06-13 20:21:35.760646,Sell,0.01,1746.31,1741.31,1748.31
2023-06-13 20:29:49.225199,Buy,0.01,1751.19,1756.19,1749.19
2023-06-13 20:29:49.284388,Sell,0.01,1743.19,1738.19,1745.19
2023-06-13 20:43:14.802061,Buy,0.01,1748.13,1753.13,1746.13
2023-06-13 20:43:14.860881,Sell,0.01,1740.13,1735.13,1742.13
2023-06-13 20:45:33.905028,Buy,0.01,1751.29,1756.29,1749.29
2023-06-13 20:45:33.967526,Sell,0.01,1743.29,1738.29,1745.29
2023-06-13 20:47:50.121772,Buy,0.01,1754.5,1759.5,1752.5
2023-06-13 20:47:50.182934,Sell,0.01,1746.5,1741.5,1748.5
2023-06-13 20:48:47.908127,Buy,0.01,1751.38,1756.38,1749.38
2023-06-13 20:48:47.982317,Sell,0.01,1743.38,1738.38,1745.38
2023-06-13 20:52:40.679220,Buy,0.01,1748.02,1753.02,1746.02
2023-06-13 20:52:40.799080,Sell,0.01,1740.02,1735.02,1742.02
2023-06-13 20:55:17.011195,Buy,0.01,1744.86,1749.86,1742.86
2023-06-13 20:55:17.075299,Sell,0.01,1736.86,1731.86,1738.86
2023-06-13 20:55:37.670756,Buy,0.01,1742.0,1747.0,1740.0
2023-06-13 20:55:37.726071,Sell,0.01,1734.0,1729.0,1736.0
2023-06-13 20:55:47.623546,Buy,0.01,1738.3,1743.3,1736.3
2023-06-13 20:55:47.670730,Sell,0.01,1730.3,1725.3,1732.3
2023-06-13 20:56:02.107321,Buy,0.01,1733.68,1738.68,1731.68
2023-06-13 20:56:02.162723,Sell,0.01,1725.68,1720.68,1727.68
2023-06-13 21:12:32.299487,Buy,0.01,1741.28,1746.28,1739.28
2023-06-13 21:12:32.379469,Sell,0.01,1733.28,1728.28,1735.28
2023-06-13 21:12:32.535040,Buy,0.01,1741.28,1751.28,1739.28
2023-06-13 21:12:32.594113,Sell,0.01,1733.28,1723.28,1735.28
2023-06-13 21:12:32.815961,Buy,0.01,1741.62,1756.62,1739.62
2023-06-13 21:12:32.865876,Sell,0.01,1733.62,1718.62,1735.62
2023-06-13 21:14:13.194466,Buy,0.01,1744.3,1749.3,1742.3
2023-06-13 21:14:13.242530,Sell,0.01,1736.3,1731.3,1738.3
2023-06-13 21:14:13.839598,Buy,0.01,1744.29,1749.29,1742.29
2023-06-13 21:14:13.971707,Sell,0.01,1736.29,1731.29,1738.29
2023-06-13 21:29:07.126411,Buy,0.01,1747.47,1752.47,1745.47
2023-06-13 21:29:07.187607,Sell,0.01,1739.47,1734.47,1741.47
2023-06-14 02:13:12.042556,Buy,0.01,1750.5,1755.5,1748.5
2023-06-14 02:13:12.091186,Sell,0.01,1742.5,1737.5,1744.5
2023-06-14 02:19:26.177429,Buy,0.01,1753.51,1758.51,1751.51
2023-06-14 02:19:26.409927,Sell,0.01,1745.51,1740.51,1747.51
2023-06-14 02:20:57.744431,Buy,0.01,1750.25,1755.25,1748.25
2023-06-14 02:20:57.796872,Sell,0.01,1742.25,1737.25,1744.25
2023-06-14 02:23:32.706553,Buy,0.01,1747.24,1752.24,1745.24
2023-06-14 02:23:32.827895,Sell,0.01,1739.24,1734.24,1741.24
2023-06-14 02:35:23.257443,Buy,0.01,1743.86,1748.86,1741.86
2023-06-14 02:35:23.306000,Sell,0.01,1735.86,1730.86,1737.86
2023-06-14 03:17:44.168380,Buy,0.01,1746.9,1751.9,1744.9
2023-06-14 03:17:44.221518,Sell,0.01,1738.9,1733.9,1740.9
2023-06-14 03:27:11.176488,Buy,0.01,1743.8,1748.8,1741.8
2023-06-14 03:27:11.230227,Sell,0.01,1735.8,1730.8,1737.8
2023-06-14 04:05:55.269968,Buy,0.01,1740.51,1745.51,1738.51
2023-06-14 04:05:55.322555,Sell,0.01,1732.51,1727.51,1734.51
2023-06-14 04:32:06.050087,Buy,0.01,1744.0,1749.0,1742.0
2023-06-14 04:32:06.110888,Sell,0.01,1736.0,1731.0,1738.0
2023-06-14 04:36:05.850854,Buy,0.01,1747.07,1752.07,1745.07
2023-06-14 04:36:06.016272,Sell,0.01,1739.07,1734.07,1741.07
2023-06-14 04:43:39.487437,Buy,0.01,1743.75,1748.75,1741.75
2023-06-14 04:43:39.558589,Sell,0.01,1735.75,1730.75,1737.75
2023-06-14 04:44:14.555163,Buy,0.01,1740.37,1745.37,1738.37
2023-06-14 04:44:14.612095,Sell,0.01,1732.37,1727.37,1734.37
2023-06-14 04:47:59.011640,Buy,0.01,1743.89,1748.89,1741.89
2023-06-14 04:47:59.227181,Sell,0.01,1735.89,1730.89,1737.89
2023-06-14 05:00:13.474573,Buy,0.01,1740.76,1745.76,1738.76
2023-06-14 05:00:13.527895,Sell,0.01,1732.76,1727.76,1734.76
2023-06-14 08:07:58.260889,Buy,0.01,1743.79,1748.79,1741.79
2023-06-14 08:07:58.342890,Sell,0.01,1735.79,1730.79,1737.79
2023-06-14 08:42:00.787870,Buy,0.01,1746.52,1751.52,1744.52
2023-06-14 08:42:00.924752,Sell,0.01,1738.52,1733.52,1740.52
2023-06-14 09:53:25.813742,Buy,0.01,1749.68,1754.68,1747.68
2023-06-14 09:53:25.875830,Sell,0.01,1741.68,1736.68,1743.68
2023-06-14 12:03:21.875992,Buy,0.01,1746.55,1751.55,1744.55
2023-06-14 12:03:21.936944,Sell,0.01,1738.55,1733.55,1740.55
2023-06-14 12:09:03.683433,Buy,0.01,1749.58,1754.58,1747.58
2023-06-14 12:09:03.813503,Sell,0.01,1741.58,1736.58,1743.58
2023-06-14 12:44:16.108603,Buy,0.01,1746.53,1751.53,1744.53
2023-06-14 12:44:16.266167,Sell,0.01,1738.53,1733.53,1740.53
2023-06-14 13:32:34.653031,Buy,0.01,1743.5,1748.5,1741.5
2023-06-14 13:32:34.717900,Sell,0.01,1735.5,1730.5,1737.5
2023-06-14 13:53:24.010279,Buy,0.01,1740.5,1745.5,1738.5
2023-06-14 13:53:24.072229,Sell,0.01,1732.5,1727.5,1734.5
2023-06-14 14:23:23.695830,Buy,0.01,1743.5,1748.5,1741.5
2023-06-14 14:23:23.797538,Sell,0.01,1735.5,1730.5,1737.5
2023-06-20 17:07:28.676528,Buy,0.01,1729.28,1734.28,1727.28
2023-06-20 17:07:28.814606,Sell,0.01,1721.28,1716.28,1723.28
2023-06-20 17:07:29.214561,Buy,0.01,1729.28,1739.28,1727.28
2023-06-20 17:07:29.277077,Sell,0.01,1721.28,1711.28,1723.28
2023-06-20 17:07:29.660892,Buy,0.01,1729.28,1744.28,1727.28
2023-06-20 17:07:29.841957,Sell,0.01,1721.28,1706.28,1723.28
